UID,State,Office Level,Electoral District,Office Name,Candidate Name,Candidate Party,Completed?,Incumbent,Phone,Mailing Address,Website,Email,Facebook URL,Twitter Name,Google Plus URL,Wiki Word,Youtube
VT00001,VT,Federal,VT,For US Senator,Pete Diamondstone,Liberty Union,Jenny,,,,,,,,,,
VT00002,VT,Federal,VT,For US Senator,Cris Ericson,United States Marijuana,Jenny,,,,http://crisericson.com/,,http://www.facebook.com/profile.php?id=100001499824825&fref=ts,,,,
VT00003,VT,Federal,VT,For US Senator,Laurel Laframboise,VoteKISS,Jenny,,,,www.votekiss.org,,,,,,
VT00004,VT,Federal,VT,For US Senator,John MacGovern,Republican,Jenny,,,,http://johnmacgovern.com/,,https://www.facebook.com/MacGovern2012?ref=ts,JohnMacgovern,,,
VT00005,VT,Federal,VT,For US Senator,Peter Moss,Peace and Prosperity,Jenny,,,,http://petermoss.org/,,,,,,
VT00006,VT,Federal,VT,For US Senator,Bernie Sanders,Independent,Jenny,,,,http://www.bernie.org/splash-page/,,https://www.facebook.com/friendsofbernie?ref=ts,FriendsOfBernie,,,
VT00007,VT,Federal,VT,For Representative to Congress,"James ""Sam"" Desrochers",Independent,Jenny,,,,http://www.vtcongress.com/default.html,,,,,,
VT00008,VT,Federal,VT,For Representative to Congress,Mark Donka,Republican,Jenny,,,,http://www.markdonkaforvt.com/,,http://www.facebook.com/MarkDonkaForCongress,,,,
VT00009,VT,Federal,VT,For Representative to Congress,Andre Laframboise,VoteKISS,Jenny,,,,,,,,,,
VT00010,VT,Federal,VT,For Representative to Congress,Jane Newton,Liberty Union,Jenny,,,,,,,,,,
VT00011,VT,Federal,VT,For Representative to Congress,Peter Welch,Democratic/Working Families,Jenny,,,,http://www.welchforcongress.com/,,http://www.facebook.com/welchforcongress,Team_Welch,,,
VT00012,VT,Statewide,VT,For Governor,Randy Brock,Republican,TRUE,,,,http://www.randybrock.com/tvbudget/,,http://www.facebook.com/RandyBrockVT,BrockforGov,,,
VT00013,VT,Statewide,VT,For Governor,Dave Eagle,Liberty Union,TRUE,,,,,,http://www.facebook.com/eagle4gov,,,,
VT00014,VT,Statewide,VT,For Governor,Cris Ericson,United States Marijuana,TRUE,,,,http://crisericson.com/,,http://www.facebook.com/profile.php?id=100001499824825&fref=ts,,,,
VT00015,VT,Statewide,VT,For Governor,Emily Peyton,Independent,TRUE,,,,http://www.emilypeyton.org/,,http://www.facebook.com/pages/Emily-Peyton-for-Governor-of-VT/288848634550438?skip_nax_wizard=true,GovernorEmily,,,
VT00016,VT,Statewide,VT,For Governor,Peter Shumlin,Democratic/Working Families,TRUE,,,,http://www.shumlinforgovernor.com/,,http://www.facebook.com/petershumlin,petershumlin,,,
VT00017,VT,Statewide,VT,For Lieutenant Governor,"Cassandra ""Cass"" Gekas",Progressive/Democratic,TRUE,,,,http://www.gekas2012.com/,,http://www.facebook.com/Gekas2012,Gekas2012,,,
VT00018,VT,Statewide,VT,For Lieutenant Governor,Ben Mitchell,Liberty Union,TRUE,,,,,,,,,,
VT00019,VT,Statewide,VT,For Lieutenant Governor,Phil Scott,Republican,TRUE,,,,http://www.philscott.org/,,http://www.facebook.com/PhilScottforLtGov,PhilScottVT,,,
VT00020,VT,Statewide,VT,For State Treasurer,"Jessica ""Jessy"" Diamondstone",Liberty Union,TRUE,,,,,,,,,,
VT00021,VT,Statewide,VT,For State Treasurer,Beth Pearce,Democratic/Working Families,TRUE,,,,http://bethpearce.com/,,http://www.facebook.com/pages/Beth-Pearce/343317092414108,,,,
VT00022,VT,Statewide,VT,For State Treasurer,Don Schramm,Progressive,TRUE,,,,,,,,,,
VT00023,VT,Statewide,VT,For State Treasurer,Wendy Wilton,Republican,TRUE,,,,http://wendywilton.org/,,https://www.facebook.com/WendyWiltonForVtStateTreasurer,WendyWiltonVT,,,
VT00024,VT,Statewide,VT,For Secretary of State,James C. Condos,Dem/Prog/WF/Rep,TRUE,,,,http://www.jimcondos.com/,,,,,,
VT00025,VT,Statewide,VT,For Secretary of State,"Mary Alice ""Mal"" Herbert",Liberty Union,TRUE,,,,,,,,,,
VT00026,VT,Statewide,VT,For Auditor of Accounts,Doug Hoffer,Democratic/Progressive,TRUE,,,,http://hofferforauditor.com/,,http://www.facebook.com/doug.hoffer.5?ref=ts,douglashoffer,,,
VT00027,VT,Statewide,VT,For Auditor of Accounts,Vincent Illuzzi,Republican/Working Families,TRUE,,,,http://vinceforvermont.com/,,https://www.facebook.com/vinceforvermont,vincevermont,,,
VT00028,VT,Statewide,VT,For Auditor of Accounts,Jerry Levy,Liberty Union,TRUE,,,,,,,,,,
VT00029,VT,Statewide,VT,For Attorney General,Rosemarie Jackowski,Liberty Union,TRUE,,,,,,,,,,
VT00030,VT,Statewide,VT,For Attorney General,Jack McMullen,Republican,TRUE,,,,http://www.jackmcmullenag.com/,,http://www.facebook.com/JackMcMullenForVTAG,McMullenforVTAG,,,
VT00031,VT,Statewide,VT,For Attorney General,William H. Sorrell,Democratic,TRUE,,,,http://billsorrell.com/,,http://www.facebook.com/ATGBillSorrell,ATGBillSorrell,,,
VT00032,VT,Statewide,VT,For Attorney General,Ed Stanak,Progressive,TRUE,,,,http://edstanak.wordpress.com/,,http://www.facebook.com/pages/Ed-Stanak-for-Vermont-Attorney-General/338364382923724,,,,
VT00033,VT,State Legislature - Upper,VT State Senate Addison,For State Senator - Addison Senate ,Claire Ayer,Democratic,TRUE,,,,,,,,,,
VT00034,VT,State Legislature - Upper,VT State Senate Addison,For State Senator - Addison Senate ,Christopher A. Bray,Democratic,TRUE,,,,http://www.brayforvermont.com/about,,http://www.facebook.com/Bray4VtSenate,Bray4VT,,,
VT00035,VT,State Legislature - Upper,VT State Senate Addison,For State Senator - Addison Senate ,Robert Wagner,Independent,TRUE,,,,http://senatorwagner.com/,,http://www.facebook.com/SenatorWagner,RobertWagnerVT,,,
VT00036,VT,State Legislature - Upper,VT State Senate Bennington,For State Senator - Bennington Senate,Bob Hartwell,Democratic,TRUE,,,,,,http://www.facebook.com/VtStateSenatorBobHartwell,,,,
VT00037,VT,State Legislature - Upper,VT State Senate Bennington,For State Senator - Bennington Senate,Dick Sears,Democratic,TRUE,,,,,,,,,,
VT00038,VT,State Legislature - Upper,VT State Senate Caledonia,For State Senator - Caledonia Senate,Stephen H. Amos,Democratic,TRUE,,,,,,,,,,
VT00039,VT,State Legislature - Upper,VT State Senate Caledonia,For State Senator - Caledonia Senate,Joe Benning,Republican,TRUE,,,,http://joebenning.com/,,,,,,
VT00040,VT,State Legislature - Upper,VT State Senate Caledonia,For State Senator - Caledonia Senate,David Dill,Republican,TRUE,,,,,,,,,,
VT00041,VT,State Legislature - Upper,VT State Senate Caledonia,For State Senator - Caledonia Senate,Jane Kitchel,Democratic,TRUE,,,,http://www.kitchelforsenate.com/,,,,,,
VT00042,VT,State Legislature - Upper,VT State Senate Chittenden,For State Senator - Chittenden Senate,Tim Ashe,Democratic/Progressive,TRUE,,,,http://www.timashe.com/,,https://www.facebook.com/pages/Tim-Ashe/205077056243826?sk=wall,TimAsheVT,,,
VT00043,VT,State Legislature - Upper,VT State Senate Chittenden,For State Senator - Chittenden Senate,Philip Baruth,Democratic/Working Families,TRUE,,,,http://vermontdailybriefing.com/,,http://www.facebook.com/baruthsenate,PhilipBaruth,,,
VT00044,VT,State Legislature - Upper,VT State Senate Chittenden,For State Senator - Chittenden Senate,Patrick N. Brown,Independent,TRUE,,,,,,http://www.facebook.com/PatrickBrownForVermontSenate,,,,
VT00045,VT,State Legislature - Upper,VT State Senate Chittenden,For State Senator - Chittenden Senate,Larkin Forney,Green,TRUE,,,,http://www.justiceforvermonters.org/,,,,,,
VT00046,VT,State Legislature - Upper,VT State Senate Chittenden,For State Senator - Chittenden Senate,Sally Fox,Democratic,TRUE,,,,http://www.sallyfoxforsenate.com/,,http://www.facebook.com/pages/Sally-Fox-for-VT-State-Senate-2012/137189332960490,,,,
VT00047,VT,State Legislature - Upper,VT State Senate Chittenden,For State Senator - Chittenden Senate,Debbie Ingram,Democratic,TRUE,,,,http://www.ingramforsenate.com/,,http://www.facebook.com/IngramForSenate,https://twitter.com/ingramforsenate,,,
VT00048,VT,State Legislature - Upper,VT State Senate Chittenden,For State Senator - Chittenden Senate,"Richard ""Terry"" Jeroloman",Progressive,TRUE,,,,https://sites.google.com/site/jeroloman/,,http://www.facebook.com/jeroloman,,,,
VT00049,VT,State Legislature - Upper,VT State Senate Chittenden,For State Senator - Chittenden Senate,Bob Kiss,Independent,TRUE,,,,http://www.kissforsenate.com/,,https://www.facebook.com/kissforsenate,,,,
VT00050,VT,State Legislature - Upper,VT State Senate Chittenden,For State Senator - Chittenden Senate,Robert Letovsky,Independent,TRUE,,,,http://www.robertvtsenate.com/,,,,,,
VT00051,VT,State Legislature - Upper,VT State Senate Chittenden,For State Senator - Chittenden Senate,"Virginia ""Ginny"" Lyons",Democratic,TRUE,,,,http://senatorginnylyons.com/senatorginnylyons.com/Home.html,,,,,,
VT00052,VT,State Legislature - Upper,VT State Senate Chittenden,For State Senator - Chittenden Senate,Shelley Palmer,Tea,TRUE,,,,,,,,,,
VT00053,VT,State Legislature - Upper,VT State Senate Chittenden,For State Senator - Chittenden Senate,Sean Selby,Independent,TRUE,,,,,,,,,,
VT00054,VT,State Legislature - Upper,VT State Senate Chittenden,For State Senator - Chittenden Senate,Diane B. Snelling,Republican,TRUE,,,,http://dianesnelling.com/,,http://www.facebook.com/pages/Senator-Diane-Snelling/201662053141,,,,
VT00055,VT,State Legislature - Upper,VT State Senate Chittenden,For State Senator - Chittenden Senate,David E. Zuckerman,Progressive/Democratic,TRUE,,,,http://zuckermanforvtsenate.wordpress.com/,,http://www.facebook.com/davezuckermanvt,,,,
VT00056,VT,State Legislature - Upper,VT State Senate Essex-Orleans,For State Senator - Essex-Orleans Senate,Jay Dudley,Republican,TRUE,,,,http://www.dudleyforstatesenate.com/,,http://www.facebook.com/pages/Jay-Dudley/156142537842977,,,,
VT00057,VT,State Legislature - Upper,VT State Senate Essex-Orleans,For State Senator - Essex-Orleans Senate,Robert W. Lewis,Republican,TRUE,,,,,,,,,,
VT00058,VT,State Legislature - Upper,VT State Senate Essex-Orleans,For State Senator - Essex-Orleans Senate,John S. Rodgers,Democratic,TRUE,,,,http://rodgersforsenate.com/,,https://www.facebook.com/JohnSRodgers4Senate,rodgers4senate,,,
VT00059,VT,State Legislature - Upper,VT State Senate Essex-Orleans,For State Senator - Essex-Orleans Senate,Robert A. Starr,Democratic,TRUE,,,,,,,,,,
VT00060,VT,State Legislature - Upper,VT State Senate Franklin,For State Senator - Franklin Senate,Caroline Bright,Democratic,TRUE,,,,http://www.carolinebright.org/,,http://www.facebook.com/BrightForFranklinCounty,BrightforFCVT,,,
VT00061,VT,State Legislature - Upper,VT State Senate Franklin,For State Senator - Franklin Senate,"Donald ""Don"" Collins",Democratic,TRUE,,,,https://sites.google.com/site/doncollinsforsenate/,,,,,,
VT00062,VT,State Legislature - Upper,VT State Senate Franklin,For State Senator - Franklin Senate,Dustin Allard Degree,Republican,TRUE,,,,http://www.dustindegree.com/,,https://www.facebook.com/pages/Degree-For-St-Albans-City/135706293113162,DustinDegree,,,
VT00063,VT,State Legislature - Upper,VT State Senate Franklin,For State Senator - Franklin Senate,Norm McAllister,Republican,TRUE,,,,,,,,,,
VT00064,VT,State Legislature - Upper,VT State Senate Franklin,For State Senator - Franklin Senate,Judith McLaughlin,Independent,TRUE,,,,,,https://www.facebook.com/pages/McLaughlin-For-Senate/392373994148339,,,,
VT00065,VT,State Legislature - Upper,VT State Senate Franklin,For State Senator - Franklin Senate,Peter Moss,Peace and Prosperity,TRUE,,,,http://petermoss.org/,,,,,,
VT00066,VT,State Legislature - Upper,VT State Senate Grand Isle,For State Senator - Grand Isle Senate,"Richard ""Dick"" Mazza",Democratic,TRUE,,,,,,,,,,
VT00067,VT,State Legislature - Upper,VT State Senate Lamoille,For State Senator - Lamoille Senate,Jerry Colby,Democratic,TRUE,,,,http://jerrycolbyforstatesenator.org/,,http://www.facebook.com/JerryColbyForStateSenator,,,,
VT00068,VT,State Legislature - Upper,VT State Senate Lamoille,For State Senator - Lamoille Senate,Richard A. Westman,Republican,TRUE,,,,http://www.westmansenate.org/,,http://www.facebook.com/WestmanSenate,WestmanSenate,,,
VT00069,VT,State Legislature - Upper,VT State Senate Orange,For State Senator - Orange Senate,Mark A. Macdonald,Democratic,TRUE,,,,,,,,,,
VT00070,VT,State Legislature - Upper,VT State Senate Rutland,For State Senator - Rutland Senate,Bill Carris,Democratic,TRUE,,,,,,,,,,
VT00071,VT,State Legislature - Upper,VT State Senate Rutland,For State Senator - Rutland Senate,Peg Flory,Republican/Democratic,TRUE,,,,,,,,,,
VT00072,VT,State Legislature - Upper,VT State Senate Rutland,For State Senator - Rutland Senate,Kevin J. Mullin,Republican/Democratic,TRUE,,,,,,http://www.facebook.com/pages/Kevin-Mullin-For-Senate/146054755432934,,,,
VT00073,VT,State Legislature - Upper,VT State Senate Washington,For State Senator - Washington Senate,"Bernard ""Buddy"" Barnett",Republican,TRUE,,,,http://www.buddyforvtsenate.com/Home_Page.html,,http://www.facebook.com/buddyforvtsenate,,,,
VT00074,VT,State Legislature - Upper,VT State Senate Washington,For State Senator - Washington Senate,Ann Cummings,Democratic,TRUE,,,,,,http://www.facebook.com/pages/Senator-Ann-Cummings/354537127960718,,,,
VT00075,VT,State Legislature - Upper,VT State Senate Washington,For State Senator - Washington Senate,"William ""Bill"" Doyle",Republican/Democratic/Working Families,TRUE,,,,,,,,,,
VT00076,VT,State Legislature - Upper,VT State Senate Washington,For State Senator - Washington Senate,Jeremy Hansen,Independent,TRUE,,,,https://hansen.directrep.us/,,http://www.facebook.com/jeremyhansen2012,OVTElection,,,
VT00077,VT,State Legislature - Upper,VT State Senate Washington,For State Senator - Washington Senate,Dexter Lefavour,Republican,TRUE,,,,http://www.dexter4vt.com/,,http://www.facebook.com/DexterForVermont,,,,
VT00078,VT,State Legislature - Upper,VT State Senate Washington,For State Senator - Washington Senate,Anthony Pollina,Progressive/Democratic/Working Families,TRUE,,,,http://pollinaforstatesenate.com/,,http://www.facebook.com/pages/Anthony-Pollina/22987538520,,,,
VT00079,VT,State Legislature - Upper,VT State Senate Windham,For State Senator - Windham Senate,Aaron Diamondstone,Liberty Union,TRUE,,,,,,,,,,
VT00080,VT,State Legislature - Upper,VT State Senate Windham,For State Senator - Windham Senate,Peter W. Galbraith,Democratic,TRUE,,,,http://www.peterwgalbraith.com/,,http://www.facebook.com/pages/Peter-Galbraith-for-VT-Senate/134324746606489,,,,
VT00081,VT,State Legislature - Upper,VT State Senate Windham,For State Senator - Windham Senate,Jeanette White,Democratic,TRUE,,,,,,,,,,
VT00082,VT,State Legislature - Upper,VT State Senate Windsor,For State Senator - Windsor Senate,John Campbell,Democratic,TRUE,,,,,,,,,,
VT00083,VT,State Legislature - Upper,VT State Senate Windsor,For State Senator - Windsor Senate,Paul E. Gibbs Jr,Republican,TRUE,,,,,,https://www.facebook.com/pegibbs,,,,
VT00084,VT,State Legislature - Upper,VT State Senate Windsor,For State Senator - Windsor Senate,"Richard ""Dick"" Mccormack",Democratic,TRUE,,,,,,,,,,
VT00085,VT,State Legislature - Upper,VT State Senate Windsor,For State Senator - Windsor Senate,Alice W. Nitka,Democratic,TRUE,,,,,,,,,,
VT00086,VT,State Legislature - Upper,VT State Senate Windsor,For State Senator - Windsor Senate,Dick Tracy,Republican,TRUE,,,,,,http://www.facebook.com/dicktracy.campaign,,,,
VT00087,VT,State Legislature - Upper,VT State Senate Windsor,For State Senator - Windsor Senate,Jeff Whittemore,Republican,TRUE,,,,,,,,,,
VT00088,VT,State Legislature - Lower,VT State House District Addison 1,For State Representative - Addison 1,Betty Nuovo,Democratic,TRUE,,,,,,,,,,
VT00089,VT,State Legislature - Lower,VT State House District Addison 1,For State Representative - Addison 1,Paul Ralston,Democratic,TRUE,,,,,,,,,,
VT00090,VT,State Legislature - Lower,VT State House District Addison 2,For State Representative - Addison 2,Willem Jewett,Democratic,TRUE,,,,http://willemjewett.com/,,,,,,
VT00091,VT,State Legislature - Lower,VT State House District Addison 2,For State Representative - Addison 2,Tim Ryan,Independent,TRUE,,,,http://timryanvt.com/,,http://www.facebook.com/TimRyanVT,,,,
VT00092,VT,State Legislature - Lower,VT State House District Addison 3,For State Representative - Addison 3,Gregory Clark,Republican,TRUE,,,,,,,,,,
VT00093,VT,State Legislature - Lower,VT State House District Addison 3,For State Representative - Addison 3,Arabella Holzapfel,Democratic,TRUE,,,,http://www.arabella4vthouse.blogspot.com/,,,,,,
VT00094,VT,State Legislature - Lower,VT State House District Addison 3,For State Representative - Addison 3,Diane Lanpher,Democratic,TRUE,,,,http://dianelanpher.com/,,http://www.facebook.com/diane.lanpher,,,,
VT00095,VT,State Legislature - Lower,VT State House District Addison 4,For State Representative - Addison 4,Michael Fisher,Democratic,TRUE,,,,,,,,,,
VT00096,VT,State Legislature - Lower,VT State House District Addison 4,For State Representative - Addison 4,Dave Sharpe,Democratic,TRUE,,,,,,,,,,
VT00097,VT,State Legislature - Lower,VT State House District Addison 5,For State Representative - Addison 5,Edward V. Mcguire,Democratic,TRUE,,,,http://mcguireforhouse.com/,,,,,,
VT00098,VT,State Legislature - Lower,VT State House District Addison 5,For State Representative - Addison 5,Harvey T. Smith,Republican,TRUE,,,,,,,,,,
VT00099,VT,State Legislature - Lower,VT State House District Addison-Rutland,For State Representative - Addison-Rutland,Will Stevens,Independent,TRUE,,,,,,,,,,
VT00100,VT,State Legislature - Lower,VT State House District Bennington 1,For State Representative - Bennington 1,Bill Botzow,Democratic,TRUE,,,,,,,,,,
VT00101,VT,State Legislature - Lower,VT State House District Bennington 2-1 ,For State Representative - Bennington 2-1 ,Brian Campion,Democratic,TRUE,,,,http://www.briancampion.org/,,http://www.facebook.com/briancampionforvt,,,,
VT00102,VT,State Legislature - Lower,VT State House District Bennington 2-1 ,For State Representative - Bennington 2-1 ,Timothy R. Corcoran II,Democratic,TRUE,,,,,,,,,,
VT00103,VT,State Legislature - Lower,VT State House District Bennington 2-1 ,For State Representative - Bennington 2-1 ,Warren Roaf,Republican,TRUE,,,,,,http://www.facebook.com/RoafForStateRepresentative,,,,
VT00104,VT,State Legislature - Lower,VT State House District Bennington 2-2,For State Representative - Bennington 2-2,Dale Gerity,Democratic,TRUE,,,,,,,,,,
VT00105,VT,State Legislature - Lower,VT State House District Bennington 2-2,For State Representative - Bennington 2-2,Anne Mook,Democratic,TRUE,,,,http://www.annemook.org/,,,,,,
VT00106,VT,State Legislature - Lower,VT State House District Bennington 2-2,For State Representative - Bennington 2-2,Mary A. Morrissey,Republican,TRUE,,,,,,,,,,
VT00107,VT,State Legislature - Lower,VT State House District Bennington 3,For State Representative - Bennington 3,Alice Miller,Democratic,TRUE,,,,,,,,,,
VT00108,VT,State Legislature - Lower,VT State House District Bennington 4 ,For State Representative - Bennington 4 ,Cynthia Browning,Democratic,TRUE,,,,,,,,,,
VT00109,VT,State Legislature - Lower,VT State House District Bennington 4 ,For State Representative - Bennington 4 ,Jeff Wilson,Democratic,TRUE,,,,http://www.jeffwilsonvtrep.com/,,,,,,
VT00110,VT,State Legislature - Lower,VT State House District Bennington-Rutland ,For State Representative - Bennington-Rutland ,Patti Komline,Republican,TRUE,,,,,,,,,,
VT00111,VT,State Legislature - Lower,VT State House District Caledonia-1,For State Representative - Caledonia-1,Leigh Larocque,Republican,TRUE,,,,,,http://www.facebook.com/LarocqueforLegislature,,,,
VT00112,VT,State Legislature - Lower,VT State House District Caledonia-1,For State Representative - Caledonia-1,Claudette Sortino,Democratic,TRUE,,,,http://www.claudettesortino.com/,,http://www.facebook.com/ClaudetteSortino,,,,
VT00113,VT,State Legislature - Lower,VT State House District Caledonia-2,For State Representative - Caledonia-2,Kristina I. Michelsen,Democratic,TRUE,,,,,,,,,,
VT00114,VT,State Legislature - Lower,VT State House District Caledonia-3,For State Representative - Caledonia-3,Michelle Fay,Democratic,TRUE,,,,http://www.fayforstj.com/,,http://www.facebook.com/FayforStJ,,,,
VT00115,VT,State Legislature - Lower,VT State House District Caledonia-3,For State Representative - Caledonia-3,Gary Reis,Republican,TRUE,,,,,,,,,,
VT00116,VT,State Legislature - Lower,VT State House District Caledonia-3,For State Representative - Caledonia-3,Bob South,Democratic,TRUE,,,,,,,,,,
VT00117,VT,State Legislature - Lower,VT State House District Caledonia-4,For State Representative - Caledonia-4,"Martha ""Marty"" Feltus ",Republican,TRUE,,,,,,,,,,
VT00118,VT,State Legislature - Lower,VT State House District Caledonia-4,For State Representative - Caledonia-4,Celeste Marie Girrell,Democratic,TRUE,,,,,,http://www.facebook.com/girrellforhouse,,,,
VT00119,VT,State Legislature - Lower,VT State House District Caledonia-4,For State Representative - Caledonia-4,Richard Lawrence,Republican,TRUE,,,,,,,,,,
VT00120,VT,State Legislature - Lower,VT State House District Caledonia-Washington ,For State Representative - Caledonia-Washington ,"Catherine ""Kitty"" Toll",Democratic,TRUE,,,,,,,,,,
VT00121,VT,State Legislature - Lower,VT State House District Chittenden 10,For State Representative - Chittenden 10,Todd Buik,Democratic,TRUE,,,,,,,,,,
VT00122,VT,State Legislature - Lower,VT State House District Chittenden 10,For State Representative - Chittenden 10,Ronald E. Hubert,Republican,TRUE,,,,,,,,,,
VT00123,VT,State Legislature - Lower,VT State House District Chittenden 10,For State Representative - Chittenden 10,Donald H. Turner Jr,Republican/Democratic,TRUE,,,,http://www.donturnerjr.com/index.php,,,,,,
VT00124,VT,State Legislature - Lower,VT State House District Chittenden 4-1,For State Representative - Chittenden 4-1,Ed Stone,Republican,TRUE,,,,,,,,,,
VT00125,VT,State Legislature - Lower,VT State House District Chittenden 4-1,For State Representative - Chittenden 4-1,Mike Yantachka,Democratic,TRUE,,,,http://www.mikeyantachka.com/,,,,,,
VT00126,VT,State Legislature - Lower,VT State House District Chittenden 4-2,For State Representative - Chittenden 4-2,Bill Lippert,Democratic,TRUE,,,,,,,,,,
VT00127,VT,State Legislature - Lower,VT State House District Chittenden 5-1,For State Representative - Chittenden 5-1,"Kathryn ""Kate"" Webb",Democratic,TRUE,,,,http://katewebbvt.com/,,,,,,
VT00128,VT,State Legislature - Lower,VT State House District Chittenden 5-2,For State Representative - Chittenden 5-2,Joan G. Lenes,Democratic,TRUE,,,,http://www.joanlenes.com/Home.html,,,,,,
VT00129,VT,State Legislature - Lower,VT State House District Chittenden 5-2,For State Representative - Chittenden 5-2,George Schiavone,Republican,TRUE,,,,http://georgeforvermont.com/2012/08/06/,,http://www.facebook.com/GeorgeforVermont,,,,
VT00130,VT,State Legislature - Lower,VT State House District Chittenden 6-1,For State Representative - Chittenden 6-1,Bill Aswad,Democratic,TRUE,,,,,,,,,,
VT00131,VT,State Legislature - Lower,VT State House District Chittenden 6-1,For State Representative - Chittenden 6-1,Joanna Cole,Democratic,TRUE,,,,http://joannacole.org/,,http://www.facebook.com/JoannaColeVtStateRep,,,,
VT00132,VT,State Legislature - Lower,VT State House District Chittenden 6-1,For State Representative - Chittenden 6-1,Kurt Wright,Republican,TRUE,,,,,,http://www.facebook.com/wrightforburlington,,,,
VT00133,VT,State Legislature - Lower,VT State House District Chittenden 6-2,For State Representative - Chittenden 6-2,Jean O'Sullivan,Democratic,TRUE,,,,,,http://www.facebook.com/pages/Jean-OSullivan/301402686621521,,,,
VT00134,VT,State Legislature - Lower,VT State House District Chittenden 6-3,For State Representative - Chittenden 6-3,Kit Andrews,Progressive,TRUE,,,,http://kitandrews.com/2012/06/,,https://www.facebook.com/kitandrewsforstaterep,,,,
VT00135,VT,State Legislature - Lower,VT State House District Chittenden 6-3,For State Representative - Chittenden 6-3,Gene Bergman,Progressive,TRUE,,,,http://genebergman.com/,,http://www.facebook.com/genebergmanforstaterep,,,,
VT00136,VT,State Legislature - Lower,VT State House District Chittenden 6-3,For State Representative - Chittenden 6-3,Jill Krowinski,Democratic/Working Families,TRUE,,,,http://jillkrowinski.com/,,http://www.facebook.com/JillforStateRep,,,,
VT00137,VT,State Legislature - Lower,VT State House District Chittenden 6-3,For State Representative - Chittenden 6-3,Curt Mccormack,Democratic/Working Families,TRUE,,,,,,http://www.facebook.com/CurtMcCormackforVermont,,,,
VT00138,VT,State Legislature - Lower,VT State House District Chittenden 6-4,For State Representative - Chittenden 6-4,Christopher A. Pearson,Progressive,TRUE,,,,http://christopherpearson.org/,,http://www.facebook.com/VotePearson,RepCP,,,
VT00139,VT,State Legislature - Lower,VT State House District Chittenden 6-4,For State Representative - Chittenden 6-4,Kesha Ram,Democratic/Working Families,TRUE,,,,http://www.kesharam.org/,,http://www.facebook.com/KeshaRamVT,,,,
VT00140,VT,State Legislature - Lower,VT State House District Chittenden 6-5,For State Representative - Chittenden 6-5,Johannah Leddy Donovan,Democratic,TRUE,,,,,,,,,,
VT00141,VT,State Legislature - Lower,VT State House District Chittenden 6-5,For State Representative - Chittenden 6-5,Suzi Wizowaty,Democratic/Working Families,TRUE,,,,http://www.suziwizowaty.com/,,,,,,
VT00142,VT,State Legislature - Lower,VT State House District Chittenden 6-6,For State Representative - Chittenden 6-6,Barbara Rachelson,Democratic,TRUE,,,,http://barbararachelson.com/,,http://www.facebook.com/pages/Barbara-Rachelson-for-Vermont-State-House-District-Chittenden-6-6/463336633695550,,,,
VT00143,VT,State Legislature - Lower,VT State House District Chittenden 6-7,For State Representative - Chittenden 6-7,"Clement ""Clem"" Bissonnette",Democratic,TRUE,,,,,,,,,,
VT00144,VT,State Legislature - Lower,VT State House District Chittenden 6-7,For State Representative - Chittenden 6-7,George C. Cross,Democratic,TRUE,,,,,,,,,,
VT00145,VT,State Legislature - Lower,VT State House District Chittenden 7-1,For State Representative - Chittenden 7-1,Michele F. Kupersmith,Democratic,TRUE,,,,,,,,,,
VT00146,VT,State Legislature - Lower,VT State House District Chittenden 7-2,For State Representative - Chittenden 7-2,Ann Pugh,Democratic,TRUE,,,,,,,,,,
VT00147,VT,State Legislature - Lower,VT State House District Chittenden 7-3,For State Representative - Chittenden 7-3,Helen Head,Democratic,TRUE,,,,http://www.helenhead.com/,,,,,,
VT00148,VT,State Legislature - Lower,VT State House District Chittenden 7-4,For State Representative - Chittenden 7-4,Timothy E. Cutler,Republican,TRUE,,,,,,http://www.facebook.com/TimCutlerforVTHouse,,,,
VT00149,VT,State Legislature - Lower,VT State House District Chittenden 7-4,For State Representative - Chittenden 7-4,Maida F. Townsend,Democratic,TRUE,,,,http://www.maidatownsend.org/,,,,,,
VT00150,VT,State Legislature - Lower,VT State House District Chittenden 8-1,For State Representative - Chittenden 8-1,Debbie Evans,Democratic,TRUE,,,,,,,,,,
VT00151,VT,State Legislature - Lower,VT State House District Chittenden 8-1,For State Representative - Chittenden 8-1,Linda K. Myers,Republican,TRUE,,,,,,,,,,
VT00152,VT,State Legislature - Lower,VT State House District Chittenden 8-2,For State Representative - Chittenden 8-2,Paul Dame,Republican,TRUE,,,,http://pauldame.com/,,http://www.facebook.com/Dame4StateRep,,,,
VT00153,VT,State Legislature - Lower,VT State House District Chittenden 8-2,For State Representative - Chittenden 8-2,Carlton Houghton,Independent,TRUE,,,,http://carlhoughton.com/AboutCarl.asp,,,,,,
VT00154,VT,State Legislature - Lower,VT State House District Chittenden 8-2,For State Representative - Chittenden 8-2,Tim Jerman,Democratic,TRUE,,,,http://timjerman.com/,,,,,,
VT00155,VT,State Legislature - Lower,VT State House District Chittenden 8-2,For State Representative - Chittenden 8-2,Linda J. Waite-Simpson,Democratic,TRUE,,,,,,,,,,
VT00156,VT,State Legislature - Lower,VT State House District Chittenden 8-3,For State Representative - Chittenden 8-3,Martha Heath,Democratic,TRUE,,,,,,,,,,
VT00157,VT,State Legislature - Lower,VT State House District Chittenden 9-1,For State Representative - Chittenden 9-1,Bob Bouchard,Republican,TRUE,,,,,,,,,,
VT00158,VT,State Legislature - Lower,VT State House District Chittenden 9-1,For State Representative - Chittenden 9-1,Jim Condon,Democratic,TRUE,,,,http://www.condonforcolchester.com/,,,,,,
VT00159,VT,State Legislature - Lower,VT State House District Chittenden 9-1,For State Representative - Chittenden 9-1,Joey A. Purvis,Republican,TRUE,,,,,,https://www.facebook.com/pages/Joey-Purvis/363315747086631,,,,
VT00160,VT,State Legislature - Lower,VT State House District Chittenden 9-1,For State Representative - Chittenden 9-1,Curt Taylor,Democratic,TRUE,,,,http://curttaylorforhouse.com/,,,,,,
VT00161,VT,State Legislature - Lower,VT State House District Chittenden 9-2,For State Representative - Chittenden 9-2,Patrick M. Brennan,Republican,TRUE,,,,,,,,,,
VT00162,VT,State Legislature - Lower,VT State House District Chittenden 9-2,For State Representative - Chittenden 9-2,"Patricia ""Pat"" Porter",Independent,TRUE,,,,,,,,,,
VT00163,VT,State Legislature - Lower,VT State House District Chittenden 9-2,For State Representative - Chittenden 9-2,Kristy Kurt Spengler,Democratic,TRUE,,,,,,,,,,
VT00164,VT,State Legislature - Lower,VT State House District Chittenden-1,For State Representative - Chittenden-1,Anne T. O'Brien,Democratic,TRUE,,,,http://anneobrien.org/,,,,,,
VT00165,VT,State Legislature - Lower,VT State House District Chittenden-2,For State Representative - Chittenden-2,Terry Macaig,Democratic,TRUE,,,,,,,,,,
VT00166,VT,State Legislature - Lower,VT State House District Chittenden-2,For State Representative - Chittenden-2,Jim Mccullough,Democratic,TRUE,,,,,,,,,,
VT00167,VT,State Legislature - Lower,VT State House District Chittenden-2,For State Representative - Chittenden-2,Jay P. Michaud,Republican,TRUE,,,,http://www.jayforvt.com/,,http://www.facebook.com/JayforVermont,JayforVT,,,
VT00168,VT,State Legislature - Lower,VT State House District Chittenden-2,For State Representative - Chittenden-2,Thomas M. Nelson,Republican,TRUE,,,,,,https://www.facebook.com/pages/Tom-Nelson-for-Williston-Representative-2012/412914115410468,,,,
VT00169,VT,State Legislature - Lower,VT State House District Chittenden-3,For State Representative - Chittenden-3,Bill Frank,Democratic,TRUE,,,,http://www.repbillfrank.com/,,http://www.facebook.com/RepBillFrank,,,,
VT00170,VT,State Legislature - Lower,VT State House District Chittenden-3,For State Representative - Chittenden-3,Debbie Rackliff,Republican,TRUE,,,,,,,,,,
VT00171,VT,State Legislature - Lower,VT State House District Chittenden-3,For State Representative - Chittenden-3,George Till,Democratic/Working Families,TRUE,,,,http://georgetill.com/,,,,,,
VT00172,VT,State Legislature - Lower,VT State House District Chittenden-3,For State Representative - Chittenden-3,Matthew C. Zambarano,Republican,TRUE,,,,,,,,,,
VT00173,VT,State Legislature - Lower,VT State House District Essex-Caledonia,For State Representative - Essex-Caledonia,Amos Bell,Independent,TRUE,,,,http://bellforstaterep.us/Bell_for_State_Rep/Welcome.html,,,,,,
VT00174,VT,State Legislature - Lower,VT State House District Essex-Caledonia,For State Representative - Essex-Caledonia,Connie Quimby,Republican/Democratic,TRUE,,,,,,,,,,
VT00175,VT,State Legislature - Lower,VT State House District Essex-Caledonia-Orleans,For State Representative - Essex-Caledonia-Orleans,William F. Johnson,Republican,TRUE,,,,,,,,,,
VT00176,VT,State Legislature - Lower,VT State House District Franklin 1,For State Representative - Franklin 1,Carolyn Whitney Branagan,Republican,TRUE,,,,,,,,,,
VT00177,VT,State Legislature - Lower,VT State House District Franklin 2,For State Representative - Franklin 2,John I. Mitchell,Republican,TRUE,,,,,,,,,,
VT00178,VT,State Legislature - Lower,VT State House District Franklin 2,For State Representative - Franklin 2,Mike O'Day,Progressive,TRUE,,,,http://www.mikeoday.org/Background.html,,,,,,
VT00179,VT,State Legislature - Lower,VT State House District Franklin 2,For State Representative - Franklin 2,Bob Shea,Independent,TRUE,,,,,,,,,,
VT00180,VT,State Legislature - Lower,VT State House District Franklin 3-1,For State Representative - Franklin 3-1,Kathleen C. Keenan,Democratic,TRUE,,,,,,,,,,
VT00181,VT,State Legislature - Lower,VT State House District Franklin 3-1,For State Representative - Franklin 3-1,Mike Mccarthy,Democratic,TRUE,,,,http://www.ilikemikesaintalbans.com/,,http://www.facebook.com/ilikemikesaintalbans,ilikemikevt,,,
VT00182,VT,State Legislature - Lower,VT State House District Franklin 3-1,For State Representative - Franklin 3-1,Casey J. Toof,Republican,TRUE,,,,http://caseytoof.blogspot.com/,,https://www.facebook.com/pages/Casey-Toof-for-St-Albans/471833179511085,,,,
VT00183,VT,State Legislature - Lower,VT State House District Franklin 3-1,For State Representative - Franklin 3-1,Stephen A. Trahan,Republican,TRUE,,,,,,,,,,
VT00184,VT,State Legislature - Lower,VT State House District Franklin 3-2,For State Representative - Franklin 3-2,"Eileen ""Lynn"" Dickinson",Republican/Democratic,TRUE,,,,http://lynndickinsonvt.com/,,,,,,
VT00185,VT,State Legislature - Lower,VT State House District Franklin 4,For State Representative - Franklin 4,Michel Consejo,Democratic,TRUE,,,,,,,,,,
VT00186,VT,State Legislature - Lower,VT State House District Franklin 4,For State Representative - Franklin 4,Brian K. Savage,Republican/Democratic,TRUE,,,,http://www.briansavage.net/Home.html,,,,,,
VT00187,VT,State Legislature - Lower,VT State House District Franklin 5,For State Representative - Franklin 5,Steve Beyor,Republican,TRUE,,,,,,,,,,
VT00188,VT,State Legislature - Lower,VT State House District Franklin 5,For State Representative - Franklin 5,Bob Irish,Democratic/Progressive,TRUE,,,,http://www.progressiveparty.org/organize/people/bob-irish,,,,,,
VT00189,VT,State Legislature - Lower,VT State House District Franklin 5,For State Representative - Franklin 5,"Albert ""Chuck"" Pearce",Republican/Democratic,TRUE,,,,,,,,,,
VT00190,VT,State Legislature - Lower,VT State House District Franklin 6,For State Representative - Franklin 6,Daniel F. Connor,Democratic,TRUE,,,,,,,,,,
VT00191,VT,State Legislature - Lower,VT State House District Franklin 7,For State Representative - Franklin 7,Peter E. Perley,Republican,TRUE,,,,,,,,,,
VT00192,VT,State Legislature - Lower,VT State House District Franklin 7,For State Representative - Franklin 7,Cindy Weed,Progressive/Democratic,TRUE,,,,,,http://www.facebook.com/weedinthehouse,,,,
VT00193,VT,State Legislature - Lower,VT State House District Grand Isle-Chittenden,For State Representative - Grand Isle-Chittenden,Patrick Dupont,Republican,TRUE,,,,,,,,,,
VT00194,VT,State Legislature - Lower,VT State House District Grand Isle-Chittenden,For State Representative - Grand Isle-Chittenden,Mitzi Johnson,Democratic,TRUE,,,,,,,,,,
VT00195,VT,State Legislature - Lower,VT State House District Grand Isle-Chittenden,For State Representative - Grand Isle-Chittenden,Robert C. Krebs,Democratic,TRUE,,,,,,,,,,
VT00196,VT,State Legislature - Lower,VT State House District Grand Isle-Chittenden,For State Representative - Grand Isle-Chittenden,Jason Lee,Republican,TRUE,,,,http://www.jasonleeinthehouse.com/,,http://www.facebook.com/jasonleeinthehouse,,,,
VT00197,VT,State Legislature - Lower,VT State House District Lamoille 1,For State Representative - Lamoille 1,Heidi E. Scheuermann,Republican,TRUE,,,,http://heidischeuermann.com/,,http://www.facebook.com/pages/Rep-Heidi-E-Scheuermann/303266323031573,,,,
VT00198,VT,State Legislature - Lower,VT State House District Lamoille 2,For State Representative - Lamoille 2,Lucien G. Gravel,Republican,TRUE,,,,http://www.luciengravel.com/,,,,,,
VT00199,VT,State Legislature - Lower,VT State House District Lamoille 2,For State Representative - Lamoille 2,Linda J. Martin,Democratic,TRUE,,,,,,,,,,
VT00200,VT,State Legislature - Lower,VT State House District Lamoille 2,For State Representative - Lamoille 2,Mark Woodward,Democratic,TRUE,,,,,,,,,,
VT00201,VT,State Legislature - Lower,VT State House District Lamoille 3,For State Representative - Lamoille 3,Peter Ingvoldstad,Democratic,TRUE,,,,http://www.peterforvermonthouse.com/,,https://www.facebook.com/PeterForVermontHouse,,,,
VT00202,VT,State Legislature - Lower,VT State House District Lamoille 3,For State Representative - Lamoille 3,Bernie Juskiewicz,Republican,TRUE,,,,,,,,,,
VT00203,VT,State Legislature - Lower,VT State House District Lamoille 3,For State Representative - Lamoille 3,Justin R. Marsh,Independent,TRUE,,,,,,http://www.facebook.com/justinmarshvt,MarshHouseVT,,,
VT00204,VT,State Legislature - Lower,VT State House District Lamoille-Washington ,For State Representative - Lamoille-Washington ,Peter Peltz,Democratic,TRUE,,,,,,,,,,
VT00205,VT,State Legislature - Lower,VT State House District Lamoille-Washington ,For State Representative - Lamoille-Washington ,Mickey C. Smith,Republican,TRUE,,,,,,http://www.facebook.com/pages/Mickey-Smith-For-State-Representative/325259084223247,,,,
VT00206,VT,State Legislature - Lower,VT State House District Lamoille-Washington ,For State Representative - Lamoille-Washington ,Shap Smith,Democratic,TRUE,,,,http://shapforhouse.com/,,https://www.facebook.com/ShapSmithVT,shapsmith,,,
VT00207,VT,State Legislature - Lower,VT State House District Orange 1,For State Representative - Orange 1,Susan Hatch Davis,Progressive/Democratic,TRUE,,,,http://davisforhouse.us/,,,,,,
VT00208,VT,State Legislature - Lower,VT State House District Orange 1,For State Representative - Orange 1,Rodney Graham,Republican,TRUE,,,,,,,,,,
VT00209,VT,State Legislature - Lower,VT State House District Orange 1,For State Representative - Orange 1,John H. Taylor,Progressive/Democratic,TRUE,,,,http://jt4vt.blogspot.com/,,,,,,
VT00210,VT,State Legislature - Lower,VT State House District Orange 1,For State Representative - Orange 1,Philip C. Winters,Republican,TRUE,,,,,,,,,,
VT00211,VT,State Legislature - Lower,VT State House District Orange 2,For State Representative - Orange 2,Mary Daly,Republican,TRUE,,,,,,,,,,
VT00212,VT,State Legislature - Lower,VT State House District Orange 2,For State Representative - Orange 2,Sarah Copeland Hanzas,Democratic,TRUE,,,,http://www.sarahforhouse.org/,,,,,,
VT00213,VT,State Legislature - Lower,VT State House District Orange-Caledonia ,For State Representative - Orange-Caledonia ,Chip Conquest,Democratic,TRUE,,,,http://chipconquest.org/,,,,,,
VT00214,VT,State Legislature - Lower,VT State House District Orange-Washington-Addison ,For State Representative - Orange-Washington-Addison ,Patsy French,Democratic,TRUE,,,,,,,,,,
VT00215,VT,State Legislature - Lower,VT State House District Orange-Washington-Addison ,For State Representative - Orange-Washington-Addison ,Larry Townsend,Democratic,TRUE,,,,,,,,,,
VT00216,VT,State Legislature - Lower,VT State House District Orleans 1,For State Representative - Orleans 1,Lynn D. Batchelor ,Republican/Democratic,TRUE,,,,,,,,,,
VT00217,VT,State Legislature - Lower,VT State House District Orleans 1,For State Representative - Orleans 1,Loren T. Shaw,Republican/Democratic,TRUE,,,,,,,,,,
VT00218,VT,State Legislature - Lower,VT State House District Orleans 2,For State Representative - Orleans 2,Tim Delabruere,Independent,TRUE,,,,,,https://www.facebook.com/TimdelaBruere,,,,
VT00219,VT,State Legislature - Lower,VT State House District Orleans 2,For State Representative - Orleans 2,Duncan Kilmartin,Republican/Democratic,TRUE,,,,,,,,,,
VT00220,VT,State Legislature - Lower,VT State House District Orleans 2,For State Representative - Orleans 2,Michael J. Marcotte,Republican/Democratic,TRUE,,,,,,,,,,
VT00221,VT,State Legislature - Lower,VT State House District Orleans 2,For State Representative - Orleans 2,Paul L. Monette,Independent,TRUE,,,,http://monetteforstaterep.org/,,http://www.facebook.com/monetteforrep,pmonette,,,
VT00222,VT,State Legislature - Lower,VT State House District Orleans-Caledonia ,For State Representative - Orleans-Caledonia ,Vicki Strong,Republican/Democratic,TRUE,,,,http://vickistrong.com/,,http://www.facebook.com/vickistrongvermont,Vicki_Strong,,,
VT00223,VT,State Legislature - Lower,VT State House District Orleans-Caledonia ,For State Representative - Orleans-Caledonia ,Sam Young,Democratic,TRUE,,,,http://sam4vt.com/,,http://www.facebook.com/samforhouse,samyoung4vt,,,
VT00224,VT,State Legislature - Lower,VT State House District Orleans-Lamoille,For State Representative - Orleans-Lamoille,Mark Higley,Republican,TRUE,,,,,,,,,,
VT00225,VT,State Legislature - Lower,VT State House District Orleans-Lamoille,For State Representative - Orleans-Lamoille,Katherine Sims,Progressive/Democratic,TRUE,,,,http://www.katherinesims.org/,,http://www.facebook.com/KatherineSimsForHouse1,katherinesimsvt,,,
VT00226,VT,State Legislature - Lower,VT State House District Rutland 1,For State Representative - Rutland 1,Andy Donaghy,Republican,TRUE,,,,,,,,,,
VT00227,VT,State Legislature - Lower,VT State House District Rutland 2,For State Representative - Rutland 2,"Thomas ""Tom"" Burditt",Republican,TRUE,,,,,,http://www.facebook.com/pages/Thomas-Burditt-for-Vermont-State-Representative/113650918672730,,,,
VT00228,VT,State Legislature - Lower,VT State House District Rutland 2,For State Representative - Rutland 2,Glenn Eno,Republican,TRUE,,,,,,,,,,
VT00229,VT,State Legislature - Lower,VT State House District Rutland 2,For State Representative - Rutland 2,Ken Fredette,Democratic,TRUE,,,,,,https://www.facebook.com/kenfredettevt,,,,
VT00230,VT,State Legislature - Lower,VT State House District Rutland 2,For State Representative - Rutland 2,Dave Potter,Democratic,TRUE,,,,,,,,,,
VT00231,VT,State Legislature - Lower,VT State House District Rutland 3,For State Representative - Rutland 3,"William ""Bill"" Canfield",Republican,TRUE,,,,,,,,,,
VT00232,VT,State Legislature - Lower,VT State House District Rutland 3,For State Representative - Rutland 3,"Robert ""Bob"" Helm",Republican,TRUE,,,,,,,,,,
VT00233,VT,State Legislature - Lower,VT State House District Rutland 4,For State Representative - Rutland 4,Thomas P. Terenzini,Republican/Democratic,TRUE,,,,,,,,,,
VT00234,VT,State Legislature - Lower,VT State House District Rutland 5-1,For State Representative - Rutland 5-1,Peter J. Fagan,Republican,TRUE,,,,,,,,,,
VT00235,VT,State Legislature - Lower,VT State House District Rutland 5-2,For State Representative - Rutland 5-2,"Margaret ""Peg"" Andrews",Democratic,TRUE,,,,http://pegandrews.com/,,http://www.facebook.com/ReElectPegAndrewsToTheVermontStateHouse2012,,,,
VT00236,VT,State Legislature - Lower,VT State House District Rutland 5-2,For State Representative - Rutland 5-2,"Larry ""Cooper"" Cupoli",Republican,TRUE,,,,,,,,,,
VT00237,VT,State Legislature - Lower,VT State House District Rutland 5-3,For State Representative - Rutland 5-3,John E. Mattison Jr,Republican,TRUE,,,,,,http://www.facebook.com/MattisonForStateRepresentative,,,,
VT00238,VT,State Legislature - Lower,VT State House District Rutland 5-3,For State Representative - Rutland 5-3,Herb Russell,Democratic,TRUE,,,,http://herbrussell.com/,,,,,,
VT00239,VT,State Legislature - Lower,VT State House District Rutland 5-4,For State Representative - Rutland 5-4,Sherri Durgin-Campbell,Democratic,TRUE,,,,http://sherridurgincampbell.com/2012/08/,,http://www.facebook.com/pages/Sherri-Durgin-Campbell-for-Vermont-State-Representative/166037906854898,,,,
VT00240,VT,State Legislature - Lower,VT State House District Rutland 5-4,For State Representative - Rutland 5-4,Douglas Gage,Republican,TRUE,,,,,,http://www.facebook.com/pages/Doug-Gage-for-Vermont-House/115084018537591,,,,
VT00241,VT,State Legislature - Lower,VT State House District Rutland 6,For State Representative - Rutland 6,Stephen A. Carr,Democratic,TRUE,,,,,,https://m.facebook.com/profile.php?id=411931115516543,,,,
VT00242,VT,State Legislature - Lower,VT State House District Rutland 6,For State Representative - Rutland 6,Seth Hopkins,Republican,TRUE,,,,http://www.sethhopkins.us/,,http://www.facebook.com/SethHopkinsforVermontHouse,,,,
VT00243,VT,State Legislature - Lower,VT State House District Rutland 6,For State Representative - Rutland 6,"Charles ""Butch"" Shaw",Republican/Democratic,TRUE,,,,,,http://www.facebook.com/pages/Butch-Shaw-for-State-Representative/141274269216581?sk=info,,,,
VT00244,VT,State Legislature - Lower,VT State House District Rutland-Bennington,For State Representative - Rutland-Bennington,Estella Leach,Independent,TRUE,,,,,,https://www.facebook.com/EstellaLeachForStateRepresentative,,,,
VT00245,VT,State Legislature - Lower,VT State House District Rutland-Bennington,For State Representative - Rutland-Bennington,John W. Malcolm,Democratic,TRUE,,,,,,,,,,
VT00246,VT,State Legislature - Lower,VT State House District Rutland-Windsor 1,For State Representative - Rutland-Windsor 1,"James ""Jim"" Eckhardt",Republican,TRUE,,,,,,,,,,
VT00247,VT,State Legislature - Lower,VT State House District Rutland-Windsor 1,For State Representative - Rutland-Windsor 1,Anne L. Gallivan,Democratic,TRUE,,,,http://www.gallivan-for-rep.com/,,http://www.facebook.com/GallivanForVtStateRep,,,,
VT00248,VT,State Legislature - Lower,VT State House District Rutland-Windsor 2,For State Representative - Rutland-Windsor 2,Dennis J. Devereux,Republican,TRUE,,,,,,,,,,
VT00249,VT,State Legislature - Lower,VT State House District Rutland-Windsor 2,For State Representative - Rutland-Windsor 2,Eldred French,Democratic,TRUE,,,,,,,,,,
VT00250,VT,State Legislature - Lower,VT State House District Washington 1,For State Representative - Washington 1,Colin T. Bright,Democratic,TRUE,,,,http://www.brightforvermont.com/,,,,,,
VT00251,VT,State Legislature - Lower,VT State House District Washington 1,For State Representative - Washington 1,Anne B. Donahue,Republican,TRUE,,,,,,,,,,
VT00252,VT,State Legislature - Lower,VT State House District Washington 1,For State Representative - Washington 1,Patti J. Lewis,Republican,TRUE,,,,,,,,,,
VT00253,VT,State Legislature - Lower,VT State House District Washington 2,For State Representative - Washington 2,"Thomas ""Tom"" F. Koch",Republican/Democratic,TRUE,,,,,,,,,,
VT00254,VT,State Legislature - Lower,VT State House District Washington 2,For State Representative - Washington 2,"Francis ""Topper"" Mcfaun",Republican/Democratic,TRUE,,,,http://www.toppermcfaun.com/,,,,,,
VT00255,VT,State Legislature - Lower,VT State House District Washington 3,For State Representative - Washington 3,Paul N. Poirier,Independent,TRUE,,,,http://paulpoirier.wordpress.com/,,,,,,
VT00256,VT,State Legislature - Lower,VT State House District Washington 3,For State Representative - Washington 3,John Santorello,Republican,TRUE,,,,,,http://www.facebook.com/pages/John-Santorello/398079256909864,,,,
VT00257,VT,State Legislature - Lower,VT State House District Washington 3,For State Representative - Washington 3,Tess Taylor,Democratic,TRUE,,,,,,,,,,
VT00258,VT,State Legislature - Lower,VT State House District Washington 4,For State Representative - Washington 4,Benjamin Eastwood,Justice ,TRUE,,,,http://nogmosnoyankee.weebly.com/,,,,,,
VT00259,VT,State Legislature - Lower,VT State House District Washington 4,For State Representative - Washington 4,Mary S. Hooper,Democratic/Working Families,TRUE,,,,,,,,,,
VT00260,VT,State Legislature - Lower,VT State House District Washington 4,For State Representative - Washington 4,Warren Kitzmiller,Democratic/Working Families,TRUE,,,,http://repkitzmiller.com/,,,,,,
VT00261,VT,State Legislature - Lower,VT State House District Washington 4,For State Representative - Washington 4,Glennie F. Sewell,Progressive,TRUE,,,,https://sites.google.com/site/glenniesewellforvtlegislature/,,,,,,
VT00262,VT,State Legislature - Lower,VT State House District Washington 5,For State Representative - Washington 5,Tony Klein,Democratic,TRUE,,,,http://tonyklein.com/,,,,,,
VT00263,VT,State Legislature - Lower,VT State House District Washington 6,For State Representative - Washington 6,Janet Ancel,Democratic,TRUE,,,,http://janetancel.com/,,,,,,
VT00264,VT,State Legislature - Lower,VT State House District Washington 7,For State Representative - Washington 7,Maxine Grad,Democratic,TRUE,,,,http://maxinegrad.com/category/news/,,http://www.facebook.com/MaxineGrad,,,,
VT00265,VT,State Legislature - Lower,VT State House District Washington 7,For State Representative - Washington 7,Adam Greshin,Independent,TRUE,,,,,,,,,,
VT00266,VT,State Legislature - Lower,VT State House District Washington 7,For State Representative - Washington 7,Sal Spinosa,Independent,TRUE,,,,http://salspinosa.com/,,,,,,
VT00267,VT,State Legislature - Lower,VT State House District Washington-Chittenden ,For State Representative - Washington-Chittenden ,Rebecca Ellis,Democratic,TRUE,,,,http://ellisvermont.com/,,,,,,
VT00268,VT,State Legislature - Lower,VT State House District Washington-Chittenden ,For State Representative - Washington-Chittenden ,Tom Stevens,Democratic,TRUE,,,,http://stevensvermont.com/,,https://www.facebook.com/tom.stevens.9889,,,,
VT00269,VT,State Legislature - Lower,VT State House District Windham 1,For State Representative - Windham 1,"Michael ""Mike"" Hebert",Republican,TRUE,,,,,,,,,,
VT00270,VT,State Legislature - Lower,VT State House District Windham 2-1,For State Representative - Windham 2-1,Valerie A. Stuart,Democratic,TRUE,,,,,,,,,,
VT00271,VT,State Legislature - Lower,VT State House District Windham 2-2,For State Representative - Windham 2-2,Mollie S. Burke,Progressive/Democratic,TRUE,,,,,,,,,,
VT00272,VT,State Legislature - Lower,VT State House District Windham 2-3,For State Representative - Windham 2-3,Ian G. Diamondstone,Liberty Union,TRUE,,,,,,,,,,
VT00273,VT,State Legislature - Lower,VT State House District Windham 2-3,For State Representative - Windham 2-3,Tristan Toleno,Democratic,TRUE,,,,,,,,,,
VT00274,VT,State Legislature - Lower,VT State House District Windham 3,For State Representative - Windham 3,Carolyn W. Partridge,Democratic,TRUE,,,,,,,,,,
VT00275,VT,State Legislature - Lower,VT State House District Windham 3,For State Representative - Windham 3,Matthew A. Trieber,Democratic,TRUE,,,,http://matttrieber.com/,,http://www.facebook.com/matthew.trieber,,,,
VT00276,VT,State Legislature - Lower,VT State House District Windham 4,For State Representative - Windham 4,David L. Deen,Democratic,TRUE,,,,,,,,,,
VT00277,VT,State Legislature - Lower,VT State House District Windham 4,For State Representative - Windham 4,Mike Mrowicki,Democratic,TRUE,,,,,,,,,,
VT00278,VT,State Legislature - Lower,VT State House District Windham 4,For State Representative - Windham 4,Owen M. Diamondstone-Kohout,Liberty Union,TRUE,,,,,,,,,,
VT00279,VT,State Legislature - Lower,VT State House District Windham 5,For State Representative - Windham 5,Richard J. Marek,Democratic,TRUE,,,,,,,,,,
VT00280,VT,State Legislature - Lower,VT State House District Windham 6,For State Representative - Windham 6,Ann Manwaring,Democratic,TRUE,,,,,,,,,,
VT00281,VT,State Legislature - Lower,VT State House District Windham-Bennington,For State Representative - Windham-Bennington,John Moran,Democratic,TRUE,,,,,,,,,,
VT00282,VT,State Legislature - Lower,VT State House District Windham-Bennington-Windsor,For State Representative - Windham-Bennington-Windsor,Emmett S. Dunbar,Independent,TRUE,,,,http://emmettforhouse.org/,,http://www.facebook.com/pages/Emmett-Dunbar-for-State-Representative/286244524815971,,,,
VT00283,VT,State Legislature - Lower,VT State House District Windham-Bennington-Windsor,For State Representative - Windham-Bennington-Windsor,"Charles ""Tim"" Goodwin",Independent,TRUE,,,,,,http://www.facebook.com/goodwinforhouse,,,,
VT00284,VT,State Legislature - Lower,VT State House District Windsor 1,For State Representative - Windsor 1,John Bartholomew,Democratic,TRUE,,,,http://www.johnbartholomew.org/,,,,,,
VT00285,VT,State Legislature - Lower,VT State House District Windsor 1,For State Representative - Windsor 1,Ryan Palmer,Republican,TRUE,,,,,,,,,,
VT00286,VT,State Legislature - Lower,VT State House District Windsor 1,For State Representative - Windsor 1,Donna Sweaney,Democratic,TRUE,,,,,,,,,,
VT00287,VT,State Legislature - Lower,VT State House District Windsor 2,For State Representative - Windsor 2,Mark Huntley,Democratic,TRUE,,,,,,http://www.facebook.com/MarkHuntleyForStateRepresentativeWindsor2,,,,
VT00288,VT,State Legislature - Lower,VT State House District Windsor 2,For State Representative - Windsor 2,Scott Ranney,Republican,TRUE,,,,,,http://www.facebook.com/ScottRanneyForStateRepresenativeWindsor2,,,,
VT00289,VT,State Legislature - Lower,VT State House District Windsor 3-1,For State Representative - Windsor 3-1,Leigh J. Dakin,Democratic,TRUE,,,,,,,,,,
VT00290,VT,State Legislature - Lower,VT State House District Windsor 3-2,For State Representative - Windsor 3-2,Alice M. Emmons,Democratic,TRUE,,,,,,,,,,
VT00291,VT,State Legislature - Lower,VT State House District Windsor 3-2,For State Representative - Windsor 3-2,Cynthia Martin,Democratic,TRUE,,,,,,,,,,
VT00292,VT,State Legislature - Lower,VT State House District Windsor 4-1,For State Representative - Windsor 4-1,Teo Zagar,Democratic,TRUE,,,,http://zagar-vt.org/,,,,,,
VT00293,VT,State Legislature - Lower,VT State House District Windsor 4-2,For State Representative - Windsor 4-2,"Kevin ""Coach"" Christie",Democratic,TRUE,,,,http://kevinchristie.org/,,,,,,
VT00294,VT,State Legislature - Lower,VT State House District Windsor 4-2,For State Representative - Windsor 4-2,Alex S. Defelice,Republican,TRUE,,,,,,,,,,
VT00295,VT,State Legislature - Lower,VT State House District Windsor 4-2,For State Representative - Windsor 4-2,Paul Keane,Independent,TRUE,,,,http://pkvermonter.blogspot.com/,,http://www.facebook.com/pages/Paul-Keane-Independent/355332381206168,,,,
VT00296,VT,State Legislature - Lower,VT State House District Windsor 4-2,For State Representative - Windsor 4-2,Sheila Vowinkel,Democratic,TRUE,,,,http://sheilavowinkel.com/,,http://www.facebook.com/pages/Sheila-Vowinkel/444710528895828,,,,
VT00297,VT,State Legislature - Lower,VT State House District Windsor 5,For State Representative - Windsor 5,Alison Clarkson,Democratic,TRUE,,,,http://www.alisonclarkson.org/,,,,,,
VT00298,VT,State Legislature - Lower,VT State House District Windsor-Orange 1,For State Representative - Windsor-Orange 1,David M. Ainsworth,Republican,TRUE,,,,,,,,,,
VT00299,VT,State Legislature - Lower,VT State House District Windsor-Orange 1,For State Representative - Windsor-Orange 1,Sarah E. Buxton,Democratic,TRUE,,,,http://votesarahbuxton.com/,,http://www.facebook.com/sarah.buxton.14,,,,
VT00300,VT,State Legislature - Lower,VT State House District Windsor-Orange 2,For State Representative - Windsor-Orange 2,Margaret Cheney,Democratic,TRUE,,,,,,,,,,
VT00301,VT,State Legislature - Lower,VT State House District Windsor-Orange 2,For State Representative - Windsor-Orange 2,Jim Masland,Democratic,TRUE,,,,,,,,,,
VT00302,VT,State Legislature - Lower,VT State House District Windsor-Rutland ,For State Representative - Windsor-Rutland ,Sandy Haas,Progressive/Democratic,TRUE,,,,,,,,,,
VT00303,VT,County,Addison County,For High Bailiff,Charles S. Clark Jr,Republican,TRUE,,,,,,,,,,
VT00304,VT,County,Bennington County,For High Bailiff,James A. Gulley Jr,Democratic,Jenny,,,,,,,,,,
VT00305,VT,County,Bennington County,For High Bailiff,"Manfred ""Fred"" Wessner",Republican,Jenny,,,,,,,,,,
VT00306,VT,County,Caledonia County,For High Bailiff,Steven N. Hartwell Jr,Republican,Jenny,,,,,,,,,,
VT00307,VT,County,Chittenden County,For High Bailiff,Randall Barrows,Republican,TRUE,,,,,,,,,,
VT00308,VT,County,Chittenden County,For High Bailiff,Michael R. Major,Democratic,TRUE,,,,,,,,,,
VT00309,VT,County,Franklin County,For High Bailiff,Tayt R. Brooks,Republican,TRUE,,,,,,,,,,
VT00310,VT,County,Franklin County,For High Bailiff,Jacqui C. Hood,Democratic,TRUE,,,,,,,,,,
VT00311,VT,County,Grand Isle County,For High Bailiff,Carol B. Tremble,Democratic,Jenny,,,,,,,,,,
VT00312,VT,County,Lamoille County,For High Bailiff,Ronald Audet Jr,Republican/Democratic,Jenny,,,,,,,,,,
VT00313,VT,County,Orleans County,For High Bailiff,Curtis A. Hardy,Republican/Democratic,TRUE,,,,,,,,,,
VT00314,VT,County,Washington County,For High Bailiff,Marc Poulin,Democratic/Republican,TRUE,,,,,,,,,,
VT00315,VT,County,Windham County,For High Bailiff,Robert Wolcott Backus,Democratic,Jenny,,,,,,,,,,
VT00316,VT,County,Windsor County,For High Bailiff,Michael E. Manley,Democratic,Jenny,,,,,,,,,,
