UID,State,Title,Subtitle,Brief,Text,Response 1,Response 1 Blurb,Response 2,Response 2 Blurb
BI00001,CA,Proposition 30,"Temporary increases taxes on earnings over $250,000 for seven years and sales taxes by 1/4 cent for four years, to fund schools. Guarantees public safety realignment funding.","Increases taxes on earnings over $250,000 for seven years and sales taxes by 1/4 cent for four years, to fund schools. Guarantees public safety realignment funding.",http://vig.cdn.sos.ca.gov/2012/general/pdf/complete-vig-v2.pdf,Yes,"Increases taxes on earnings over $250,000 for seven years and sales taxes by _ cent for four years, to fund schools. Guarantees public safety realignment funding. Fiscal Impact: Increased state tax revenues through 2018D19, averaging about $6 billion annually over the next few years. Revenues available for funding state budget. In 2012D13, planned spending reductions, primarily to education programs, would not occur.",No,"Does not increase taxes on earnings over $250,000 for seven years and sales taxes by _ cent for four years, to fund schools. Fiscal Impact: In 2012D13, planned spending reductions, primarily to education programs, would occur."
BI00002,CA,Proposition 31,"Establishes two-year state budget. Sets rules for offsetting new $200 million annually, with corresponding increases of funding to local governments. Other, potentially more significant changes in state and local budgets, depending on future decisions by public officials. ","Establishes two-year state budget. Sets rules for offsetting new $200 million annually, with corresponding increases of funding to local governments. Other, potentially more significant changes in state and local budgets, depending on future decisions by public officials. ",http://vig.cdn.sos.ca.gov/2012/general/pdf/complete-vig-v2.pdf,Yes,"Establishes two-year state budget. Sets rules for offsetting new $200 million annually, with corresponding increases of funding to local governments. Other, potentially more significant changes in state and local budgets, depending on future decisions by public officials. Establishes two-year state budget cycle. Prohibits Legislature from creating expenditures of more than $25 million unless offsetting revenues or spending cuts are identified. Permits Governor to cut budget unilaterally during declared fiscal emergencies if Legislature failsto act. Requires performance reviews of all state programs. Requires performance goals in state and local budgets. Requires publication of bills at least three days prior to legislative vote. Allows local governments to alter how laws governing state-funded programs apply to them, unless Legislature or state agency vetoes change within 60 days.",No,Does not establish two-year state budget. Maintains current budget process.
BI00003,CA,Proposition 32,"Prohibits unions from using payroll-deducted funds for political purposes. Applies same use prohibition to payroll deductions, if any, by corporations or government contractors.","Prohibits unions from using payroll-deducted funds for political purposes. Applies same use prohibition to payroll deductions, if any, by corporations or government contractors.",http://vig.cdn.sos.ca.gov/2012/general/pdf/complete-vig-v2.pdf,Yes,"Prohibits unions from using payroll-deducted funds for political purposes. Applies same use prohibition to payroll deductions, if any, by corporations or government contractors. Prohibits union and corporate contributions to candidates and their committees. Prohibits government contractor contributions to elected officers or their committees. Fiscal Impact: Increased costs to state and local government, potentially exceeding $1 million annually, to implement and enforce the measureOs requirements.",No,Allows unions to continue using payroll-deducted funds for political purposes. Applies same by corporations or government contractors.
BI00004,CA,Proposition 33,Changes current law to allow insurance companies to set prices based on whether the driver previously carried auto insurance with any insurance company.,Changes current law to allow insurance companies to set prices based on whether the driver previously carried auto insurance with any insurance company.,http://vig.cdn.sos.ca.gov/2012/general/pdf/complete-vig-v2.pdf,Yes,Changes current law to allow insurance companies to set prices based on whether the driver previously carried auto insurance with any insurance company. Allows proportional discount for drivers with some prior coverage. Allows increased cost for drivers without history of continuous coverage. ,No,Maintains current law not allowing insurance companies to set prices based on whether the driver previously carried auto insurance with any insurance company. 
BI00005,CA,Proposition 34,Repeals death penalty and replaces it with life imprisonment without possibility of parole. Directs $100 million to law enforcement agencies for investigations of homicide and rape cases.,Repeals death penalty and replaces it with life imprisonment without possibility of parole. Directs $100 million to law enforcement agencies for investigations of homicide and rape cases.,http://vig.cdn.sos.ca.gov/2012/general/pdf/complete-vig-v2.pdf,Yes,"Repeals death penalty and replaces it with life imprisonment without possibility of parole, applying the change retroactively to existing death sentences. Directs $100 million to law enforcement agencies for investigations of homicide and rape cases. Fiscal Impact: Ongoing state and county criminal justice savings of about $130 million annually within a few years, which could vary by tens of millions of dollars. One-time state costs of $100 million for local law enforcement grants.",No,Maintains death penalty.
BI00006,CA,Proposition 35,Increases prison sentences and fines for human trafficking convictions. Requires convicted human traffickers to register as sex offenders. Requires registered sex offenders to disclose Internet activities and identities.,Increases prison sentences and fines for human trafficking convictions. Requires convicted human traffickers to register as sex offenders. Requires registered sex offenders to disclose Internet activities and identities.,http://vig.cdn.sos.ca.gov/2012/general/pdf/complete-vig-v2.pdf,Yes,"Increases prison sentences and fines for human trafficking convictions. Requires convicted human traffickers to register as sex offenders. Requires registered sex offenders to disclose Internet activities and identities. Fiscal Impact: Costs of a few million dollars annually to  increased annual fine revenue of a similar amount, dedicated primarily for human trafficking victims.",No,Maintains existing human trafficking and sex offender laws.
BI00007,CA,Proposition 36,Revises law to impose life sentence only when new felony conviction is serious or violent. May authorize re-sentencing if third strike conviction was not serious or violent.,Revises law to impose life sentence only when new felony conviction is serious or violent. May authorize re-sentencing if third strike conviction was not serious or violent.,http://vig.cdn.sos.ca.gov/2012/general/pdf/complete-vig-v2.pdf,Yes,"Revises law to impose life sentence only when new felony conviction is serious or violent. May authorize re-sentencing if third strike conviction was not serious or violent. Fiscal Impact: Ongoing state correctional savings of around $70 million annually, with even greater savings (up to $90 million) over the next couple of decades. These savings could vary significantly depending on future state actions.",No,Maintains current three strikes provisions in California law.
BI00008,CA,Proposition 37,Requires labeling of food sold to consumers made from plants or animals with genetic material changed in specified ways. ,Requires labeling of food sold to consumers made from plants or animals with genetic material changed in specified ways. ,http://vig.cdn.sos.ca.gov/2012/general/pdf/complete-vig-v2.pdf,Yes,"Requires labeling of food sold to consumers made from plants or animals with genetic material changed in specified ways. Prohibits marketing such food, or other processed food, as Onatural."" Provides exemptions. Fiscal Impact: Increased annual state costs from a few hundred thousand dollars to over $1 million to regulate the labeling of genetically engineered foods. Additional, but likely not significant, governmental costs to address violations under the measure.",No,Maintains existing food labeling regulations.
BI00009,CA,Proposition 38,"Increases taxes on earnings using sliding scale, for twelve years. Revenues go to KD12 schools and early childhood programs, and for four years to repaying state debt. ","Increases taxes on earnings using sliding scale, for twelve years. Revenues go to KD12 schools and early childhood programs, and for four years to repaying state debt. ",http://vig.cdn.sos.ca.gov/2012/general/pdf/complete-vig-v2.pdf,Yes,"Increases taxes on earnings using sliding scale, for twelve years. Revenues go to KD12 schools and early childhood programs, and for four years to repaying state debt. Fiscal Impact: Increased state tax revenues for 12 yearsNroughly $10 billion annually in initial years, tending to grow over time. Funds used for schools, child care, and preschool, as well as providing savings on state debt payments.",No,"Maintains current tax, K-12 funding, and state debt levels. "
BI00010,CA,Proposition 39,Requires multistate businesses to pay income taxes based on percentage of their sales in California. Dedicates revenues for five years to clean/efficient energy projects.,Requires multistate businesses to pay income taxes based on percentage of their sales in California. Dedicates revenues for five years to clean/efficient energy projects.,http://vig.cdn.sos.ca.gov/2012/general/pdf/complete-vig-v2.pdf,Yes,"Requires multistate businesses to pay income taxes based on percentage of their sales in California. Dedicates revenues for five years to clean/efficient energy projects. Fiscal Impact: Increased state revenues of $1 billion annually, with half of the revenues over the next five years spent on energy efficiency projects. Of the remaining revenues, a significant portion likely would be spent on schools.",No,Maintains current business taxes.
BI00011,CA,Proposition 40,"A OYes"" vote approves, and a ONo"" vote rejects, new State Senate districts drawn by the Citizens Redistricting Commission. If rejected, districts will be adjusted by officials supervised by the California Supreme Court.","A OYes"" vote approves, and a ONo"" vote rejects, new State Senate districts drawn by the Citizens Redistricting Commission. If rejected, districts will be adjusted by officials supervised by the California Supreme Court.",http://vig.cdn.sos.ca.gov/2012/general/pdf/complete-vig-v2.pdf,Yes,Approves new State Senate districts drawn by the Citizens Redistricting Commission. Fiscal Impact: Approving the referendum would have no fiscal impact on the state and local governments.,No,"Rejects new State Senate districts drawn by the Citizens Redistricting Commission. If rejected, districts will be adjusted by officials supervised by the California Supreme Court. Fiscal Impact: Rejecting the referendum would result in a one-time cost of about $1 million to the state and counties."
BI00012,WA,Initiative Measure 1185,This measure would restate existing statutory requirements regarding tax and fee increases. ,This measure would restate existing statutory requirements regarding tax and fee increases. ,https://wei.sos.wa.gov/agency/osos/en/press_and_research/PreviousElections/2012/General-Election/Pages/Online-Voters-Guide.aspx,Yes,"Restates existing statutory requirements that legislative actions raising taxes must be approved by two-thirds legislative majorities or receive voter approval, and that new or increased fees require majority legislative approval. ",No,"Does not restate existing statutory requirements that legislative actions raising taxes must be approved by two-thirds legislative majorities or receive voter approval, and that new or increased fees require majority legislative approval. "
BI00013,WA,Initiative Measure 1240,Would authorize up to forty publicly-funded charter schools. ,This measure would authorize up to forty publicly-funded charter schools. ,https://wei.sos.wa.gov/agency/osos/en/press_and_research/PreviousElections/2012/General-Election/Pages/Online-Voters-Guide.aspx,Yes,"Authorizes up to forty publicly-funded charter schools open to all students, operated through approved, nonreligious, nonprofit organizations, with government oversight; and modify certain laws applicable to them as public schools. ",No,Does not authorize up to forty publicly-funded charter schools. 
BI00014,WA,Referendum Measure 74,"Would allow same-sex couples to marry, preserve domestic partnerships only for seniors, and preserve the right of clergy or religious organizations to refuse to perform, recognize, or accommodate any marriage ceremony.","This bill would allow same-sex couples to marry, preserve domestic partnerships only for seniors, and preserve the right of clergy or religious organizations to refuse to perform, recognize, or accommodate any marriage ceremony.",https://wei.sos.wa.gov/agency/osos/en/press_and_research/PreviousElections/2012/General-Election/Pages/Online-Voters-Guide.aspx,Approved,"The legislature passed Engrossed Substitute Senate Bill 6239 concerning marriage for same-sex couples, modified domestic-partnership law, and religious freedom, and voters have filed a sufficient referendum petition on this bill. This bill would allow same-sex couples to marry, preserve domestic partnerships only for seniors, and preserve the right of clergy or religious organizations to refuse to perform, recognize, or accommodate any marriage ceremony.",Rejected,"Undoes Engrossed Substitute Senate Bill 6239 concerning marriage for same-sex couples, modified domestic-partnership law, and religious freedom. Under the revised law, same-sex couples will not be allowed to marry, but will retain domestic partnerships."
BI00015,WA,Initiative to the Legislature 502,"Liscense, regulate, and tax marijuana production, distribution, and possession for persons over twenty-one. ","This measure would license, regulate, and tax marijuana production, distribution, and possession for persons over twenty-one. ",https://wei.sos.wa.gov/agency/osos/en/press_and_research/PreviousElections/2012/General-Election/Pages/Online-Voters-Guide.aspx,Yes,"Licenses and regulate marijuana production, distribution, and possession for persons over twenty-one; remove state-law criminal and civil penalties for activities that it authorizes; tax marijuana sales; and earmark marijuana-related revenues. ",No,Maintain current marijuana laws.
BI00016,WA,Engrossed Senate Joint Resolution 8221,"Starting July 1, 2014, phase-down the debt limit percentage in three steps from nine to eight percent and modify the calculation date, calculation period, and the term general state revenues.","This amendment would, starting July 1, 2014, phase-down the debt limit percentage in three steps from nine to eight percent and modify the calculation date, calculation period, and the term general state revenues.",https://wei.sos.wa.gov/agency/osos/en/press_and_research/PreviousElections/2012/General-Election/Pages/Online-Voters-Guide.aspx,Approved,"This amendment would, starting July 1, 2014, phase-down the debt limit percentage in three steps from nine to eight percent and modify the calculation date, calculation period, and the term general state revenues.",Rejected,Maintains the current debt limit.
BI00017,WA,Senate Joint Resolution 8223,"Allow public universities to invest specified public funds as authorized by the legislature, including in private companies or stock. ","This amendment would allow public universities to invest specified public funds as authorized by the legislature, including in private companies or stock. ",https://wei.sos.wa.gov/agency/osos/en/press_and_research/PreviousElections/2012/General-Election/Pages/Online-Voters-Guide.aspx,Approved,"This amendment would create an exception to constitutional restrictions on investing public funds by allowing these universities to invest specified public funds as authorized by the legislature, including in private companies or stock.",Rejected,Maintains current constitutional restriction on investing public funds as applied to universities.
BI00018,WA,Advisory Vote 1,Supporting the return of a business and occupation tax deduction for certain financial institutionsO interest on residential loans.,Supporting the return of a business and occupation tax deduction for certain financial institutionsO interest on residential loans.,https://wei.sos.wa.gov/agency/osos/en/press_and_research/PreviousElections/2012/General-Election/Pages/Online-Voters-Guide.aspx,Maintained,"This stance calls for maintaining the legislatureOs position, which ended the tax deduction.",Repealed,"The legislature eliminated, without a vote of the people, a business and occupation tax deduction for certain financial institutionsO interest on residential loans, costing $170,000,000 in its first ten years, for government spending. This stance calls for the return of the deduction."
BI00019,WA,Advisory Vote 2,Supporting the original timeline for expiration of a tax on possession of petroleum products. ,Supporting the original timeline for expiration of a tax on possession of petroleum products. ,https://wei.sos.wa.gov/agency/osos/en/press_and_research/PreviousElections/2012/General-Election/Pages/Online-Voters-Guide.aspx,Maintained,This stance calls for maintaining the legislatureOs position of a delayed expiration of tax on possession of petroleum taxes.,Repealed,"The legislature extended, without a vote of the people, expiration of a tax on possession of petroleum products and reduced the tax rate, costing $24,000,000 in its first ten years, for government spending. This stance calls for the repeal of the slower expiration."
BI00020,OR,Measure 77 ,"Governor may declare Ocatastrophic disaster"" (defined); requires legislative session; authorizes suspending specified constitutional spending restrictions","Amends constitution. Currently, governor has statutory, but not constitutional, authority to declare state of emergency and direct response to emergency. Measure grants Governor constitutional authority to declare and respond to natural or human-caused Ocatastrophic disaster"" (defined). Authorizes Governor to redirect previously allocated General Fund and lottery monies to disaster response. Requires legislative session (under emergency conditions, if necessary) to enact implementing legislation; legislation may include temporarily suspending specified constitutional spending restrictions. Terminates GovernorOs disaster spending authority upon enactment of law specifying purposes for which funds may be used. Limits disaster authority of Governor and legislature to 30 days unless legislature acts to shorten/ lengthen period; such legislation may include any provision legislature deems necessary to provide Oorderly transition"" (undefined) to normal conditions. Other provisions.",http://oregonvotes.org/irr/2012/401text.pdf,Yes,"Grants Governor constitutional authority to declare Ocatastrophic disaster"" (defined); requires legislative session; legislature may suspend specified constitutional spending restrictions to aid response, recovery.",No,Retains Governor's statutory authority to declare state of emergency; retains constitutional spending restrictions and constitutional restrictions on legislative authority without exception for emergency.
BI00021,OR,Measure 78,Changes constitutional language describing governmental system of separation of powers; makes grammatical and spelling changes ,"Amends constitution. Measure makes nonsubstantive changes to wording now contained in the Oregon constitution. Current state constitutional language describes the governmental separation of powers to be divided into three separate ""departments"": Legislative, Executive (including Administrative), and Judicial. Measure revises this constitutional phrasing by changing it to refer to three separate ""branches"" of government, which conforms to more contemporary, commonly-used designations for these separate divisions of government. Measure changes the description of the two houses of the Legislature to the two ""chambers"" of the Legislature (rather than two ""branches"" of the Legislature), which also reflects more modern designations for them. Measure additionally modernizes spelling and makes grammatical changes to replace existing references to the Secretary of State as ""he,"" ""him,"" and ""his"" with gender-neutral wording.",http://oregonvotes.org/irr/2012/402text.pdf,Yes,"Changes constitutional language describing separation of powers to refer to three Obranches"" (instead of three Odepartments"" of government; makes other grammatical, spelling changes.",No,"Retains existing constitutional language describing constitutional language describing separation of powers between three Odepartments"" of government (rather than three Obranches"" of government); retains misspelled, other language."
BI00022,OR,Measure 79,"Prohibits real estate transfer taxes, fees, other assessments, except those operative on December 31, 2009 ","Amends constitution. Current statutory law prohibits a city, county, district, or other political subdivision or municipal corporation from imposing taxes or fees on the transfer of real estate (with certain exceptions). However, the state legislature has the authority, subject to Governor approval, to impose such taxes and fees or to change current statutory law. Measure prohibits the state and any city, county, district, or other political subdivision or municipal corporation from imposing taxes, fees, or other assessments based upon the transfer of any interest in real property or measured by the consideration paid or received upon the transfer of any interest in real property. Measure exempts from the prohibition any taxes, fees, or other assessments in effect and operative on December 31, 2009. Other provisions.",http://oregonvotes.org/irr/2012/005text.pdf,Yes,"Prohibits state/local governments from imposing taxes, fees, assessments on transfer of any interest in real property, except for those operative December 31, 2009.",No,"Retains existing law prohibiting local governments from imposing real estate transfer taxes/fees (with exceptions), allowing state legislature to impose such taxes/fees."
BI00023,OR,Measure 80,"Allows personal marijuana, hemp cultivation/use without license; commission to regulate commercial marijuana cultivation/sale","Currently, marijuana cultivation, possession and delivery are prohibited; regulated medical marijuana use permitted. Measure replaces state, local marijuana laws except medical marijuana and driving under the influence laws; distinguishes Ohemp"" from Omarijuana""; prohibits regulation of hemp. Creates commission to license marijuana cultivation by qualified persons and to purchase entire crop. Commission sells marijuana at cost to pharmacies, medical research facilities and to qualified adults for profit through state-licensed stores. Ninety percent of net proceeds goes to state general fund, remainder to drug education, treatment, hemp promotion. Bans sales to, possession by minors. Bans public consumption except where signs permit, minors barred. Commission regulates use, sets prices, other duties; Attorney General to defend against federal challenges/prosecutions. Provides penalties. Effective January 1, 2013; other provisions.",http://oregonvotes.org/irr/2012/009text.pdf,Yes,Allows commercial marijuana (cannabis) cultivation/sale to adults through state-licensed stores; allows unlicensed adult personal cultivation/use; prohibits restrictions on hemp (defined).,No,"Retains existing civil and criminal laws prohibiting cultivation, possession and delivery of marijuana; retains current statutes that permit regulated medical use of marijuana."
BI00024,OR,Measure 81,"Prohibits commercial non-tribal fishing with gillnets in Oregon ""inland waters,"" allows use of seine nets","Current law allows Columbia River commercial fishing with gill nets; requires annual adjustment of recreational salmon fishers' percentage share of overall catch; allows issuing of gill net permits within limit of 200; recognizes gill net licenses as valid in Columbia River in both Oregon/Washington. Measure bans non-tribal gill net fishing in Oregon ""inland waters"" (defined); permits use of ""seine nets"" (defined) instead; ensures that recreational salmon fisher's percentage of overall catch remains at 2007-2011 levels; prohibits purchase of salmon caught by gill net by non-tribal fishers in Oregon inland waters; prohibits issuing additional gill net permits; no longer recognizes validity of gill net licenses in Oregon and Washington. Measure may affect Columbia River Compact, tribal fishing rights, and fishing management agreements between federal government, tribes, and states. Other provisions.",http://oregonvotes.org/irr/2012/021text.pdf,Yes,"Changes commercial non-tribal fishing in Oregon ""inland waters"" (defined) by banning gill nets, adopting other regulatory changes; recreational salmon fishers ensured their recent share.",No,"Continues current commercial fishing practices, retains laws allowing gill nets, leaves other current regulations in place; continues annual adjustment of recreational salmon harvest share."
BI00025,OR,Measure 82,Amends Constitution:  Authorizes Establishment of Privately-Owned Casinos; Mandates Percentage Of Revenues Payable To Dedicated State Fund ,"Amends constitution. Currently, Oregon Constitution prohibits the operation of privately-owned, non-tribal casinos within the state. Under measure, State Lottery shall permit the operation of privately-owned casinos within the state, provided that the particular operation is approved through an initiative law. Privately-owned casinos must be located within an incorporated city, and city electors must also approve casino location. The privately-owned casino shall pay 25% of adjusted gross revenues each month to a dedicated state fund for the purposes of fostering job growth, educational achievement, vibrant local communities, protecting and improving natural environment, and supporting all federally recognized Indian tribes in Oregon. Amendment prohibits the operation of privately-owned casino within 60-mile radius of existing tribal casino operating on reservation land.",http://oregonvotes.org/irr/2012/036text.pdf,Yes,Amends state constitution to authorize privately-owned casinos; requires such casinos to give percentage of monthly revenue to State Lottery for specified purposes. ,No,"Maintains current state of the law, which does not authorize any privately-owned casino within state; tribal casinos authorized pursuant to gaming compacts."
BI00026,OR,Measure 83,Authorizes Privately-Owned Wood Village Casino; Mandates Percentage Of Revenues Payable To Dedicated State Fund ,"Currently, Oregon Constitution prohibits privately-owned casinos within state. Under measure, State Lottery shall issue renewable 15-year lease permitting owner of former Multnomah Kennel Club in Wood Village to operate gaming devices, table games, keno, and other games of chance at that site. Measure would become operative only if constitution is amended to permit privately-owned casinos within state.  Casino operator shall pay 25% of adjusted gross revenues monthly to State Lottery. Lottery shall deposit 20% of adjusted gross revenues into Job Growth, Education and Communities Fund (separate from general fund), and 80% in State Lottery Fund. Moneys in the Job Growth fund are apportioned to the incorporated cities adjoining casino, Indian tribes, law enforcement, and gambling treatment services. Other provisions. ",http://oregonvotes.org/irr/2012/038text.pdf,Yes,Authorizes a single privately-owned casino in Wood Village; requires casino to give percentage of monthly revenue to State Lottery for specified purposes.,No,"Maintains current state of the law, which does not authorize any privately-owned casino within state; tribal casinos authorized pursuant to gaming compacts. "
BI00027,OR,Measure 84,"Phases out existing inheritance taxes on large estates, and all taxes on intra-family property transfers ","Current state law imposes one-time tax on estate of person dying on/ after January 1, 2012, if estateOs gross value D determined by federal law as of December 31, 2010 D is at least $1,000,000. Current law taxes income-producing property sales, regardless of partiesO relationship. Measure incrementally phases out estate/ inheritance tax, tax on property transfers between Ofamily members"" (defined), and tax on property transferred in connection with personOs death; prohibits imposition of such taxes on property  of person dying on/ after January 1, 2016. Allows state to cooperate with other states and federal government in administering those entitiesO estate/ inheritance taxes; permits feeds on probate and other transactions that may occur following personOs death. Measure reduces state revenues; provides no replacement. Other provisions.",http://oregonvotes.org/irr/2012/015text.pdf,Yes,"Phases out existing inheritance/estate taxes on large estates, death-related property transfers, and taxes on certain intra-family property; reduces state revenue. ",No,Retains existing estate/inheritance taxes on estates with value of at least $1 million; tax on all income producing intra-family property transfers.
BI00028,OR,Measure 85,"Amends Constitution:  Allocates Corporate Income/Excise Tax ""Kicker"" Refund To Additionally Fund K Through 12 Public Education","Amends constitution. Before each biennium, the governor must prepare an estimate of revenues expected to be received by the General Fund for the next biennium. The General Fund is the primary funding source for schools, prisons, social services and other state-funded programs/services. Current law requires an automatic ""kicker"" refund to taxpayers of corporate income and excise tax revenue that exceeds estimated collections by two percent or more.  Measure allocates the corporate income and excise tax ""kicker"" refund to the General Fund to provide additional funding for K through 12 public education. Measure does not change the constitutional personal income tax ""kicker"" provision that requires a refund to individual taxpayers when personal income tax revenue exceeds estimated revenue by two percent or more. Other provisions.",http://oregonvotes.org/irr/2012/035text.pdf,Yes,"Allocates the corporate income and excise tax Okicker"" refund to the General Fund to provide additional funding for K through 12 public education.",No,"Retains existing corporate income and excise tax Okicker"" that requires refund to corporations when revenue exceeds estimated collections by two percent or more."
BI00029,MT,Legislative Referendum No. 120,"Prohibits a physician from performing an abortion on a minor under 16 years of age unless a physician notifies a parent or legal guardian of the minor at least 48 hours prior to the procedure. Notice is not required if: (1) there is a medical emergency; (2) it is waived by a youth court in a sealed proceeding; or (3) it is waived by the parent or guardian. A person who performs an abortion in violation of the act, or who coerces a minor to have an abortion, is subject to criminal prosecution and civil liability.","LR-120 prohibits a physician from performing an abortion on a minor under 16 years of age unless a physician notifies a parent or legal guardian of the minor at least 48 hours prior to the procedure. Notice is not required if: (1) there is a medical emergency; (2) it is waived by a youth court in a sealed proceeding; or (3) it is waived by the parent or guardian. A person who performs an abortion in violation of the act, or who coerces a minor to have an abortion, is subject to criminal prosecution and civil liability.",http://sos.mt.gov/Elections/2012/BallotIssues/LR-120.pdf,For,"Requires parental notification prior to abortion for a minor, providing for judicial waiver of notification, repealing prior statutes, and providing penalties.",Against,"Rejects requirement parental notification prior to abortion for a minor, providing for judicial waiver of notification, repealing prior statutes, and providing penalties."
BI00030,MT,Legislative Referendum No. 121,"Prohibits providing state services to people who are not U.S. citizens and who have unlawfully entered or unlawfully remained in the United States. Under LR-121, every individual seeking a state service, such as applying for any state licenses, state employment, unemployment or disability benefits, or aid for university students, must provide evidence of U.S. citizenship or lawful alien status, and/or have their status verified through federal databases.  State agencies must notify the U.S. Department of Homeland Security of noncitizens who have unlawfully entered or remained in the U.S. and who have applied for state services.The costs associated with verifying U.S. citizenship or lawful alien status will vary by agency and cannot be precisely determined. However, on-going costs may include: hiring and training state personnel to use various federal databases; software, hardware and search charges; and information assessment and management costs.","LR-121 prohibits providing state services to people who are not U.S. citizens and who have unlawfully entered or unlawfully remained in the United States. Under LR-121, every individual seeking a state service, such as applying for any state licenses, state employment, unemployment or disability benefits, or aid for university students, must provide evidence of U.S. citizenship or lawful alien status, and/or have their status verified through federal databases.  State agencies must notify the U.S. Department of Homeland Security of noncitizens who have unlawfully entered or remained in the U.S. and who have applied for state services.The costs associated with verifying U.S. citizenship or lawful alien status will vary by agency and cannot be precisely determined. However, on-going costs may include: hiring and training state personnel to use various federal databases; software, hardware and search charges; and information assessment and management costs.",http://sos.mt.gov/Elections/2012/BallotIssues/LR-121.pdf,For,Denies certain state services to illegal aliens.,Against,Rejects denial of certain state services to illegal aliens.
BI00031,MT,Legislative Referendum No. 122,"Prohibits the state and federal governments from requiring the purchase of health insurance or imposing any penalty, tax, fee or fine on those who do not purchase health insurance. The prohibition does not apply to: (1) a court which orders the purchase of insurance when an individual or entity is a named party in a judicial dispute; (2) the state department of public health and human services as part of a child support enforcement action; or (3) the Montana university system as a requirement for students.","LR-122 prohibits the state and federal governments from requiring the purchase of health insurance or imposing any penalty, tax, fee or fine on those who do not purchase health insurance. The prohibition does not apply to: (1) a court which orders the purchase of insurance when an individual or entity is a named party in a judicial dispute; (2) the state department of public health and human services as part of a child support enforcement action; or (3) the Montana university system as a requirement for students.",http://sos.mt.gov/Elections/2012/BallotIssues/LR-122.pdf,For,Prohibits the state or federal government from mandating the purchase of health insurance or imposing penalties for decisions related to purchasing health insurance.,Against,Rejects prohibition of the state or federal government from mandating the purchase of health insurance or imposing penalties for decisions related to purchasing health insurance.
BI00032,MT,Initiative Referendum No. 124,"In 2004, Montana voters approved I-148, creating a medical marijuana program for patients with debilitating medical conditions. Senate Bill 423, passed by the 2011 Legislature, repeals I-148 and enacts a new medical marijuana program, which includes: permitting patients to grow marijuana or designate a provider; limiting each marijuana provider to three patients; prohibiting marijuana providers from accepting anything of value in exchange for services or products; granting local governments authority to regulate marijuana providers; establishing specific standards for demonstrating chronic pain; and reviewing the practices of doctors who certify marijuana use for 25 or more patients in a 12-month period.If Senate Bill 423 is affirmed by the voters, there will be no fiscal impact because the legislature has funded the costs of its implementation. If Senate Bill 423 is rejected by the voters, there may be a small savings to the State.","In 2004, Montana voters approved I-148, creating a medical marijuana program for patients with debilitating medical conditions. Senate Bill 423, passed by the 2011 Legislature, repeals I-148 and enacts a new medical marijuana program, which includes: permitting patients to grow marijuana or designate a provider; limiting each marijuana provider to three patients; prohibiting marijuana providers from accepting anything of value in exchange for services or products; granting local governments authority to regulate marijuana providers; establishing specific standards for demonstrating chronic pain; and reviewing the practices of doctors who certify marijuana use for 25 or more patients in a 12-month period.If Senate Bill 423 is affirmed by the voters, there will be no fiscal impact because the legislature has funded the costs of its implementation. If Senate Bill 423 is rejected by the voters, there may be a small savings to the State.",http://sos.mt.gov/Elections/Archives/2010s/2012/Initiatives/IR-124.asp,For,"Approves Senate Bill 423, a bill which repeals I-148 and enacts a new medical marijuana program.",Against,"Rejects Senate Bill 423, and retains I-148."
BI00033,MT,Initiative No. 166,"Ballot initiative I-166 establishes a state policy that corporations are not entitled to constitutional rights because they are not human beings, and charges Montana elected and appointed officials, state and federal, to implement that policy.  With this policy, the people of Montana establish that there should be a level playing field in campaign spending, in part by prohibiting corporate campaign contributions and expenditures and by limiting political spending in elections.  Further, MontanaOs congressional delegation is charged with proposing a joint resolution offering an amendment to the United States Constitution establishing that corporations are not human beings entitled to constitutional rights.","Ballot initiative I-166 establishes a state policy that corporations are not entitled to constitutional rights because they are not human beings, and charges Montana elected and appointed officials, state and federal, to implement that policy.  With this policy, the people of Montana establish that there should be a level playing field in campaign spending, in part by prohibiting corporate campaign contributions and expenditures and by limiting political spending in elections.  Further, MontanaOs congressional delegation is charged with proposing a joint resolution offering an amendment to the United States Constitution establishing that corporations are not human beings entitled to constitutional rights.",http://sos.mt.gov/Elections/2012/BallotIssues/I-166.pdf,For,"Charges Montana elected and appointed officials, state and federal, with implementing a policy that corporations are not human beings with constitutional rights.",Against,"Rejects proposal to charge Montana elected and appointed officials, state and federal, with implementing a policy that corporations are not human beings with constitutional rights."
BI00034,ID,S.J.R. 102,"Currently, Section 5, Article X, of the Constitution of the State of Idaho provides that the Board of Correction shall have the control, direction and management of adult probation and parole. The proposed amendment would insert the word ""felony"" before the word ""probation"" and would clarify that the Board of Correction's authority is limited to the supervision and management of felony offenders. Consequently, if the proposed constitutional amendment is adopted, the Board of Correction would not have the authority to supervise or manage misdemeanor probationers. Misdemeanor probationers would continue to be supervised by Idaho counties, as is permitted by law.","Currently, Section 5, Article X, of the Constitution of the State of Idaho provides that the Board of Correction shall have the control, direction and management of adult probation and parole. The proposed amendment would insert the word ""felony"" before the word ""probation"" and would clarify that the Board of Correction's authority is limited to the supervision and management of felony offenders. Consequently, if the proposed constitutional amendment is adopted, the Board of Correction would not have the authority to supervise or manage misdemeanor probationers. Misdemeanor probationers would continue to be supervised by Idaho counties, as is permitted by law.",http://www.sos.idaho.gov/elect/INITS/2012amend.htm,Yes,"Amends Section 5, Article X, of the Constitution of the State of Idaho to provide that the state board of correction shall have the control, direction and management of adult felony probation and parole",No,Rejects the ammendment and maintains the consitution as written.
BI00035,ID,H.J.R. 2,"Amend the Idaho Constitution to provide that the rights to hunt, fish and trap are a valued part of Idaho's heritage and would preserve these rights for the people of Idaho and manage these rights through the laws of the state. This amendment specifies that hunting, fishing and trapping shall be a preferred means of managing wildlife. This amendment does not create a right to trespass or affect rights to divert or appropriate water. This amendment also will not prevent the suspension or revocation of licenses issued by the state for hunting, fishing or trapping.","This proposed amendment would provide that the rights to hunt, fish and trap are a valued part of Idaho's heritage and would preserve these rights for the people of Idaho and manage these rights through the laws of the state. This amendment specifies that hunting, fishing and trapping shall be a preferred means of managing wildlife. This amendment does not create a right to trespass or affect rights to divert or appropriate water. This amendment also will not prevent the suspension or revocation of licenses issued by the state for hunting, fishing or trapping.",http://www.sos.idaho.gov/elect/INITS/2012amend.htm,Yes,"Ammends Article I, of the Constitution of the State of Idaho by the addition of a New Section 23, to provide that the rights to hunt, fish and trap, including by the use of traditional methods, are a valued part of the heritage of the State of Idaho and shall forever be preserved for the people and managed through the laws, rules and proclamations that preserve the future of hunting, fishing and trapping; to provide that public hunting, fishing and trapping of wildlife shall be a preferred means of managing wildlife; and to provide that the rights set forth do not create a right to trespass on private property, shall not affect rights to divert, appropriate and use water, or establish any minimum amount of water in any water body, shall not lead to a diminution of other private rights, and shall not prevent the suspension or revocation, pursuant to statute enacted by the Legislature, of an individual's hunting, fishing or trapping license",No,Rejects the ammendment and maintains the consitution as written.
BI00036,ID,Proposition 1,Referendum to approve or reject legislation limiting negotiated agreements between teachers and local school boards and ending the practice of issuing renewable contracts.,"S1108; relating to education: revising Idaho Code by amending 33-513, 33-514, 33-514A, 33-515, 33-515A, 33-516, 33-521, 33-522, 33-1003, 33-1004H, 33-1271, 33-1272, 33-1273, 33-1274, 33-1275, 33-1276 and 33-402; repealing 33-1004G; and, by adding new sections 33-515B, 33-523, 33-524, 33-1271A, 33-1273A and 33-1274A to revise the annual written evaluation process for professional staff; phase out renewable individual contracts; provide that professional staff employed after January 31, 2011 shall not be entitled to a formal review of decisions for not being reemployed; allow school boards to change the length of terms stated in current contracts and reduce the salaries of certificated staff with renewable contracts without due process proceedings; require school districts to disclose to employees a list of professional liability insurance providers; eliminate education support program for school districts experiencing enrollment decreases greater than one percent; eliminate teacher early retirement incentives; restrict the scope of negotiated agreements between school boards and professional staff to compensation and the duration of negotiated agreements to one year; and eliminate provisions for fact finding in professional negotiations.Shall the legislation limiting negotiated agreements between teachers and local school boards and ending the practice of issuing renewable contracts be approved? What your vote will do:A YES vote means you approve the legislation.A NO vote means you reject the legislation.",http://www.sos.idaho.gov/elect/INITS/2012refer.htm,Yes,"Approves S1108; relating to education: revising Idaho Code by amending 33-513, 33-514, 33-514A, 33-515, 33-515A, 33-516, 33-521, 33-522, 33-1003, 33-1004H, 33-1271, 33-1272, 33-1273, 33-1274, 33-1275, 33-1276 and 33-402; repealing 33-1004G; and, by adding new sections 33-515B, 33-523, 33-524, 33-1271A, 33-1273A and 33-1274A to revise the annual written evaluation process for professional staff; phase out renewable individual contracts; provide that professional staff employed after January 31, 2011 shall not be entitled to a formal review of decisions for not being reemployed; allow school boards to change the length of terms stated in current contracts and reduce the salaries of certificated staff with renewable contracts without due process proceedings; require school districts to disclose to employees a list of professional liability insurance providers; eliminate education support program for school districts experiencing enrollment decreases greater than one percent; eliminate teacher early retirement incentives; restrict the scope of negotiated agreements between school boards and professional staff to compensation and the duration of negotiated agreements to one year; and eliminate provisions for fact finding in professional negotiations.Shall the legislation limiting negotiated agreements between teachers and local school boards and ending the practice of issuing renewable contracts be approved",No,Rejects S1108; relating to education.
BI00037,ID,Proposition 2,"Referendum to approve or reject legislation providing teacher performance pay based on state-mandated test scores, student performance, hard-to-fill positions and leadership.","Referendum to approve or reject S1110; relating to education: revising Idaho Code by adding new section 33-1004I to provide and distribute in fiscal year 2013 state share-based pay for performance bonuses to certificated instructional staff based on a school's median student growth percentiles on state achievement tests and a school's median standardized score on state achievement tests and local share-based pay for performance based on student test scores, graduation rates, dropout rates, percent of graduates attending postsecondary education or entering military service, meeting federal ""adequate yearly progress"", number of students successfully completing dual credit or advanced placement classes; percent of students in extracurricular activities, class projects, portfolios, successful completion of special student assignments, parental involvement, teacher-assigned grades, and/or student attendance rates, and, in fiscal year 2014 and thereafter, in addition to the aforementioned bonuses, provide incentives for certificated instructional staff in hard-to-fill positions and leadership awards for certificated instructional staff who assume one or more of the following additional duties: instructional staff mentoring, content leadership, lead teacher, peer coaching, content specialist, remedial instructor, curriculum development, assessment development, data analysis, grant writing, special program coordinator, research project, professional development instructor, service on education committees, educational leadership and earning national board certification. Shall the legislation providing teacher performance pay based on state-mandated test scores, student performance, hard-to-fill positions and leadership be approved? What your vote will do: A YES vote means you approve the legislation. A NO vote means you reject the legislation.",http://www.sos.idaho.gov/elect/INITS/2012refer.htm,Yes,"Approves S1110; relating to education: revising Idaho Code by adding new section 33-1004I to provide and distribute in fiscal year 2013 state share-based pay for performance bonuses to certificated instructional staff based on a school's median student growth percentiles on state achievement tests and a school's median standardized score on state achievement tests and local share-based pay for performance based on student test scores, graduation rates, dropout rates, percent of graduates attending postsecondary education or entering military service, meeting federal ""adequate yearly progress"", number of students successfully completing dual credit or advanced placement classes; percent of students in extracurricular activities, class projects, portfolios, successful completion of special student assignments, parental involvement, teacher-assigned grades, and/or student attendance rates, and, in fiscal year 2014 and thereafter, in addition to the aforementioned bonuses, provide incentives for certificated instructional staff in hard-to-fill positions and leadership awards for certificated instructional staff who assume one or more of the following additional duties: instructional staff mentoring, content leadership, lead teacher, peer coaching, content specialist, remedial instructor, curriculum development, assessment development, data analysis, grant writing, special program coordinator, research project, professional development instructor, service on education committees, educational leadership and earning national board certification. Shall the legislation providing teacher performance pay based on state-mandated test scores, student performance, hard-to-fill positions and leadership be approved",No,Rejects S1110; relating to education.
BI00038,ID,Proposition 3,"Referendum to approve or reject legislation amending school district funding, requiring provision of computing devices and online courses for high school graduation.","Referendum to approve or reject S1184; relating to education: revising Idaho Code by amending 33-125, to provide for a fiscal report card; repealing 33-129 relating to science education matching grants; amending 33-357 relating to a certain internet website; amending 33-1002 relating to the educational support program; adding new section 33-1002A relating to fractional average daily attendance; amending 33-1004 relating to staff allowances; amending 33-1004A relating to the experience and education multiplier; amending 33-1004E relating to district's salary-based apportionment; amending 33-1004F relating to obligations to the public employee retirement system and social security; amending 33-1020 relating to moneys distributed to the Idaho Digital Learning Academy; adding new section 33-1021 relating to distribution of moneys to school districts for certain math and science courses; adding new section 33-1022 relating to public school technology and expenditures or distributions of moneys for such; adding new section 33-1626 relating to dual credit; adding new section 33-1627 relating to online courses and mobile computing devices and providing certain expenditures or distributions of moneys; adding new section 33-5216 relating to public postsecondary institutions being authorized to operate public charter high schools. Shall the legislation amending school district funding, requiring provision of computing devices and online courses for high school graduation be approved? What your vote will do: A YES vote means you approve the legislation. A NO vote means you reject the legislation.",http://www.sos.idaho.gov/elect/INITS/2012refer.htm,Yes,"Approves S1184; relating to education: revising Idaho Code by amending 33-125, to provide for a fiscal report card; repealing 33-129 relating to science education matching grants; amending 33-357 relating to a certain internet website; amending 33-1002 relating to the educational support program; adding new section 33-1002A relating to fractional average daily attendance; amending 33-1004 relating to staff allowances; amending 33-1004A relating to the experience and education multiplier; amending 33-1004E relating to district's salary-based apportionment; amending 33-1004F relating to obligations to the public employee retirement system and social security; amending 33-1020 relating to moneys distributed to the Idaho Digital Learning Academy; adding new section 33-1021 relating to distribution of moneys to school districts for certain math and science courses; adding new section 33-1022 relating to public school technology and expenditures or distributions of moneys for such; adding new section 33-1626 relating to dual credit; adding new section 33-1627 relating to online courses and mobile computing devices and providing certain expenditures or distributions of moneys; adding new section 33-5216 relating to public postsecondary institutions being authorized to operate public charter high schools. Shall the legislation amending school district funding, requiring provision of computing devices and online courses for high school graduation be approved",No,Rejects  S1184; relating to education.
BI00039,IL,House Joint Resolution Constitutional Amendment 49,Amends the General Provisions Article of the Illinois Constitution creating a three-fifths requirement of the members elected to each house of the General Assembly for passing laws that provides a benefit increase under any pension or retirement system. Prevents other governing bodies from taking any action that increases benefits without the concurrence of three-fifths of the members of that governing body.,"Proposes to  Defines terms. Effective January 9, 2013.",http://www.ilga.gov/legislation/fulltext.asp?DocName=&SessionId=84&GA=97&DocTypeId=HJRCA&DocNum=49&GAID=11&LegID=67098&SpecSess=&Session=,Yes,"Amends the General Provisions Article of the Illinois Constitution to provide that no bill, except a bill for appropriations, that provides a benefit increase under any pension or retirement system of the State, any unit of local government or school district, or any agency or instrumentality thereof, shall become law without the concurrence of three-fifths of the members elected to each house of the General Assembly. Provides requirements for passage if the Governor vetoes a bill or returns a bill with specific recommendations for change. Provides that no ordinance, resolution, rule, or other action of the governing body, or an appointee or employee of the governing body, of any unit of local government or school district that provides an emolument increase to an official or employee that has the effect of increasing the amount of the pension or annuity that an official or employee could receive as a member of a pension or retirement system shall be valid without the concurrence of three-fifths of the members of that governing body. Provides that no action of the governing body, or an appointee or employee of the governing body, of any pension or retirement system created or maintained for the benefit of officers or employees of the State, any unit of local government or school district, or any agency or instrumentality thereof that results in a beneficial determination shall be valid without the concurrence of three-fifths of the members of that governing body.",No,Rejects the proposed constitutional amendment and maintains the current laws governing the control of pensions and retirement benefits.
BI00040,ME,Question 1,Citizen Initiative to allow the State of Maine to issue marriage licenses to same-sex couples,Do you want to allow the State of Maine to issue marriage licenses to same-sex couples?,http://www.mainelegislature.org/legis/bills/bills_125th/billtexts/IB000301.asp,Yes,Allows the State of Maine to issue marriage licenses to same-sex couples.,No,Retains current state law which prevents the State of Maine from issuing marriage licenses to same-sex couples.
BI00041,ME,Question 2,Bond Issue to build a diagnostic facility for the University of Maine System and Maine Martime Academy,"Do you favor an $11,300,000 bond issue to provide funds for capital to build a diagnostic facility for the University of Maine System; for capital improvements and equipment, including machine tool technology, for the Maine Community College System; and for capital improvements and equipment at the Maine Maritime Academy? ",http://www.mainelegislature.org/legis/bills/bills_125th/chapters/PUBLIC700.asp,Yes,"Approve a $11,300,000 bond issue to provide funds for capital to build a diagnostic facility for the University of Maine System; for capital improvements and equipment, including machine tool technology, for the Maine Community College System; and for capital improvements and equipment at the Maine Maritime Academ",No,"Reject the $11,300,000 bond issue for the University of Maine System and Maine Martime Academy."
BI00042,ME,Question 3,"Bond Issue to purchase land and conservation easements statewide from willing sellers for public land and water access, conservation, wildlife or fish habitat and outdoor recreation - to be matched by at least $5,000,000 in private and public contribution","Do you favor a $5,000,000 bond issue to purchase land and conservation easements statewide from willing sellers for public land and water access, conservation, wildlife or fish habitat and outdoor recreation, including hunting and fishing and deer wintering areas, and to preserve working farmland and working waterfronts to be matched by at least $5,000,000 in private and public contributions? ",http://www.mainelegislature.org/legis/bills/bills_125th/chapters/PUBLIC696.asp,Yes,"Approve a $5,000,000 bond issue to purchase land and conservation easements statewide from willing sellers for public land and water access, conservation, wildlife or fish habitat and outdoor recreation, including hunting and fishing and deer wintering areas, and to preserve working farmland and working waterfronts to be matched by at least $5,000,000 in private and public contribution",No,"Reject the $5,000,000 bond issue for purchase land and conservation easements statewide from willing sellers for public land and water access, conservation, wildlife or fish habitat and outdoor recreation, including hunting and fishing and deer wintering areas."
BI00043,ME,Question 4,"Bond Issue for improvements to transportation infrastructure, which will make the State eligible for at least $105,600,000 in federal and other matching funds","Do you favor a $51,500,000 bond issue for improvements to highways and bridges, local roads, airports and port facilities, as well as for funds for rail access, transit buses and the LifeFlight Foundation, which will make the State eligible for at least $105,600,000 in federal and other matching funds? ",http://www.mainelegislature.org/legis/bills/bills_125th/chapters/PUBLIC697.asp,Yes,"Approve $51,500,000 bond issue for improvements to highways and bridges, local roads, airports and port facilities, as well as for funds for rail access, transit buses and the LifeFlight Foundation, which will make the State eligible for at least $105,600,000 in federal and other matching funds.",No,"Reject the $51,500,000 for improvements to highways and bridges, local roads, airports and port facilities, as well as for funds for rail access, transit buses and the LifeFlight Foundation."
BI00044,ME,Question 5,"Bond Issue for drinking water systems and for wastewater treatment facilities, which will make the State eligible to secure $39,625,000 in federal grants.","Do you favor a $7,925,000 bond issue to be expended over 2 years for revolving loan funds for drinking water systems and for wastewater treatment facilities, which will make the State eligible to secure $39,625,000 in federal grants",http://www.mainelegislature.org/legis/bills/bills_125th/chapters/PUBLIC695.asp,Yes,"Approve a $7,925,000 bond issue to be expended over 2 years for revolving loan funds for drinking water systems and for wastewater treatment facilities, which will make the State eligible to secure $39,625,000 in federal grants.",No,"Reject the $7,925,000 bond issue for revolving loan funds for drinking water systems and for wastewater treatment facilities."
"",CO,Amendment 64,Colorado Marijuana Legalization Initiative in connection and providing for the regulation of marijuana,"Shall there be an amendment to the Colorado constitution concerning marijuana, and, in connection therewith, providing for the regulation of marijuana; permitting a person twenty-one years of age or older to consume or possess limited amounts of marijuana; providing for the licensing of cultivation facilities, product manufacturing facilities, testing facilities, and retail stores; permitting local governments to regulate or prohibit such facilities; requiring the general assembly to enact an excise tax to be levied upon wholesale sales of marijuana; requiring that the first $40 million in revenue raised annually by such tax be credited to the public school capital construction assistance fund; and requiring the general assembly to enact legislation governing the cultivation, processing, and sale of industrial hemp?",http://www.sos.state.co.us/pubs/elections/Initiatives/titleBoard/filings/2011-2012/30Final.pdf,Yes,"Approves an amendment to the Colorado constitution concerning marijuana, providing for the regulation of marijuana; permitting a person twenty-one years of age or older to consume or possess limited amounts of marijuana; providing for the licensing of cultivation facilities, product manufacturing facilities, testing facilities, and retail stores; permitting local governments to regulate or prohibit such facilities; requiring the general assembly to enact an excise tax to be levied upon wholesale sales of marijuana; requiring that the first $40 million in revenue raised annually by such tax be credited to the public school capital construction assistance fund; and requiring the general assembly to enact legislation governing the cultivation, processing, and sale of industrial hemp.",No,"Rejects the proposed constitutional ammendment and retains the existing state law governing the sale, cultivation, consumption, and possession of marijuana and industrial hemp."
"",CO,Amendment S,Ammends the Colorado constitution concerning the state personnel system.,"Shall there be an amendment to the Colorado constitution concerning the state personnel system, and, in connection therewith, expanding the veterans' preference; increasing the number of candidates eligible to be appointed to a position; adjusting the duration of allowable temporary employment; allowing the flexibility to remove a limited number of positions from the system; modifying the residency requirement; adjusting the terms of service for members of the state personnel board; and requiring merit-based appointments to be made through a comparative analysis process?",http://www.leg.state.co.us/LCS/Initiative%20Referendum/1112initrefr.nsf/c63bddd6b9678de787257799006bd391/8b49cb9a3a922b19872579fe00634a4d/$FILE/Amendment%20S%20-%20State%20Personnel%20System.pdf,Yes,"Approves an amendment to the Colorado constitution concerning the state personnel system, and, in connection therewith, expanding the veterans' preference; increasing the number of candidates eligible to be appointed to a position; adjusting the duration of allowable temporary employment; allowing the flexibility to remove a limited number of positions from the system; modifying the residency requirement; adjusting the terms of service for members of the state personnel board; and requiring merit-based appointments to be made through a comparative analysis process.",No,Rejects the proposed constitutional ammendment concerning the state personnel system.
